scaled_features,Department_index,JobRole_index,Gender_index,OverTime_index,left_company
"[0.5476190476190476,0.26245392311743027,1.0,0.0,0.0,0.15000000000000002]",1,0,1,1,1
"[0.738095238095238,0.21700895208004214,0.3333333333333333,1.0,0.6666666666666666,0.25]",0,1,0,0,0
"[0.45238095238095233,0.0569246972090574,0.6666666666666666,0.0,0.6666666666666666,0.0]",0,2,0,1,1
"[0.3571428571428571,0.10005265929436546,0.6666666666666666,0.0,0.6666666666666666,0.2]",0,1,1,1,0
"[0.21428571428571427,0.1294892048446551,0.3333333333333333,0.0,0.6666666666666666,0.05]",0,2,0,0,0
"[0.3333333333333333,0.10842548709847288,1.0,0.0,0.3333333333333333,0.17500000000000002]",0,2,0,0,0
"[0.9761904761904762,0.08746708794102159,0.0,1.0,0.3333333333333333,0.025]",0,2,1,1,0
"[0.2857142857142857,0.08867825171142707,0.6666666666666666,1.0,0.6666666666666666,0.025]",0,2,0,0,0
"[0.47619047619047616,0.4484992101105845,0.6666666666666666,1.0,0.6666666666666666,0.225]",0,3,0,0,0
"[0.42857142857142855,0.22264349657714588,0.6666666666666666,0.0,0.3333333333333333,0.17500000000000002]",0,4,0,0,0
"[0.40476190476190477,0.07461822011585045,0.3333333333333333,0.0,0.6666666666666666,0.125]",0,2,0,0,0
"[0.26190476190476186,0.16766719325961033,0.6666666666666666,0.0,0.6666666666666666,0.225]",0,2,1,1,0
"[0.30952380952380953,0.10015797788309637,0.6666666666666666,0.0,0.3333333333333333,0.125]",0,1,0,0,0
"[0.38095238095238093,0.08699315429173249,1.0,0.0,0.6666666666666666,0.05]",0,2,0,0,0
"[0.23809523809523808,0.05365982095839916,0.6666666666666666,0.0,0.6666666666666666,0.1]",0,2,0,1,1
"[0.26190476190476186,0.47240652975250136,0.0,0.0,0.6666666666666666,0.25]",0,3,1,0,0
"[0.3333333333333333,0.12053712480252765,0.3333333333333333,0.0,0.3333333333333333,0.15000000000000002]",0,1,0,1,0
"[0.09523809523809523,0.1014218009478673,1.0,0.0,0.3333333333333333,0.025]",0,2,0,1,0
"[0.8333333333333333,0.7592417061611375,1.0,0.0,0.6666666666666666,0.625]",1,5,1,0,0
"[0.47619047619047616,0.15455502896261192,1.0,0.0,0.6666666666666666,0.07500000000000001]",0,1,0,1,0
"[0.14285714285714285,0.15808320168509743,0.6666666666666666,0.0,0.3333333333333333,0.1]",0,3,1,0,0
"[0.42857142857142855,0.1262769878883623,0.0,1.0,0.6666666666666666,0.125]",1,6,0,0,1
"[0.38095238095238093,0.5784623486045287,0.3333333333333333,0.0,0.6666666666666666,0.30000000000000004]",0,7,1,0,0
"[0.07142857142857142,0.011743022643496578,1.0,0.0,0.6666666666666666,0.0]",0,1,0,0,0
"[0.38095238095238093,0.10273828330700369,0.0,0.0,0.6666666666666666,0.1]",0,1,0,0,1
"[0.8333333333333333,0.9523433385992628,0.6666666666666666,0.0,0.3333333333333333,0.35000000000000003]",0,5,1,0,0
"[0.3333333333333333,0.15323854660347552,0.0,1.0,0.6666666666666666,0.25]",0,1,1,1,1
"[0.5714285714285714,0.3062664560294892,0.3333333333333333,0.0,0.6666666666666666,0.225]",1,0,0,0,0
"[0.6190476190476191,0.4865192206424434,1.0,0.0,0.6666666666666666,0.55]",0,4,1,0,0
"[0.6666666666666666,0.9446024223275409,0.0,0.0,0.3333333333333333,0.05]",1,5,1,0,0
"[0.3571428571428571,0.07830437072143234,1.0,0.0,0.6666666666666666,0.025]",0,2,0,0,0
"[0.6190476190476191,0.28730911005792525,1.0,0.0,1.0,0.1]",0,4,0,1,0
"[0.2857142857142857,0.06303317535545024,0.6666666666666666,0.0,0.6666666666666666,0.25]",0,2,0,0,0
"[0.5,0.05671406003159558,1.0,0.0,1.0,0.025]",1,6,0,0,1
"[0.14285714285714285,0.06761453396524487,1.0,0.0,0.3333333333333333,0.05]",0,1,0,1,1
"[0.5952380952380952,0.08615060558188521,0.6666666666666666,0.0,0.3333333333333333,0.125]",0,1,1,0,0
"[0.7619047619047619,0.08815165876777252,0.6666666666666666,0.0,0.6666666666666666,0.07500000000000001]",1,6,0,1,1
"[0.40476190476190477,0.05292259083728278,1.0,0.0,0.6666666666666666,0.05]",1,6,1,0,0
"[0.42857142857142855,0.12690889942074776,0.0,0.0,1.0,0.025]",0,1,1,1,0
"[0.3571428571428571,0.2299631384939442,0.0,0.0,0.6666666666666666,0.125]",1,0,1,0,0
"[0.40476190476190477,0.04960505529225909,1.0,0.0,0.6666666666666666,0.025]",0,2,0,0,0
"[0.21428571428571427,0.07014218009478673,0.0,0.0,0.6666666666666666,0.025]",0,2,1,0,0
"[0.19047619047619047,0.06761453396524487,0.6666666666666666,0.0,0.3333333333333333,0.025]",0,2,0,0,1
"[0.21428571428571427,0.40637177461822016,0.6666666666666666,0.0,0.6666666666666666,0.225]",1,0,0,0,0
"[0.2857142857142857,0.15808320168509743,1.0,1.0,0.6666666666666666,0.30000000000000004]",0,2,1,0,0
"[0.5476190476190476,0.9760926803580833,0.6666666666666666,0.0,0.6666666666666666,0.55]",0,7,1,0,1
"[0.38095238095238093,0.18741442864665614,0.6666666666666666,1.0,0.6666666666666666,0.225]",1,0,0,0,0
"[0.45238095238095233,0.10600315955766193,0.3333333333333333,1.0,0.6666666666666666,0.025]",0,1,0,0,0
"[0.6666666666666666,0.25081621906266455,1.0,1.0,0.6666666666666666,0.225]",1,0,0,1,0
"[0.40476190476190477,0.06635071090047394,1.0,0.0,0.6666666666666666,0.025]",0,2,0,0,0
"[0.7142857142857142,0.23022643496577147,0.6666666666666666,0.0,0.6666666666666666,0.025]",0,2,0,1,1
"[0.23809523809523808,0.12806740389678778,0.6666666666666666,0.0,0.3333333333333333,0.05]",0,2,0,1,1
"[0.6190476190476191,0.2340705634544497,0.0,1.0,0.3333333333333333,0.1]",1,0,1,1,0
"[0.40476190476190477,0.4673512374934176,0.0,0.0,0.6666666666666666,0.1]",0,4,0,1,0
"[0.19047619047619047,0.16577145866245394,1.0,0.0,0.3333333333333333,0.05]",1,0,1,1,0
"[0.3571428571428571,0.6555555555555556,1.0,0.0,0.6666666666666666,0.375]",0,7,1,1,0
"[0.40476190476190477,0.4244339125855714,0.0,1.0,0.3333333333333333,0.225]",1,0,0,0,0
"[0.40476190476190477,0.1582411795681938,0.0,0.0,0.6666666666666666,0.05]",0,2,1,1,0
"[0.30952380952380953,0.25834649815692473,1.0,1.0,0.3333333333333333,0.17500000000000002]",0,2,0,0,0
"[0.45238095238095233,0.26245392311743027,0.6666666666666666,0.0,1.0,0.17500000000000002]",0,3,0,0,0
"[0.3333333333333333,0.2713533438651922,1.0,1.0,0.6666666666666666,0.225]",0,3,0,1,0
"[0.47619047619047616,0.07356503422854134,1.0,0.0,0.6666666666666666,0.25]",0,2,1,0,0
"[0.7619047619047619,0.9337019483938915,0.6666666666666666,0.0,0.3333333333333333,0.675]",0,7,1,1,0
"[0.9761904761904762,0.3490258030542391,0.0,0.0,0.3333333333333333,0.525]",1,0,1,0,0
"[0.42857142857142855,0.4785150078988942,0.6666666666666666,0.0,0.6666666666666666,0.42500000000000004]",0,4,1,0,0
"[0.8809523809523809,0.7239073196419168,0.6666666666666666,0.0,0.6666666666666666,0.125]",0,5,1,1,0
"[0.42857142857142855,0.2890995260663507,0.3333333333333333,0.0,0.6666666666666666,0.15000000000000002]",0,3,0,0,0
"[0.6428571428571428,0.4589257503949447,0.0,0.0,0.6666666666666666,0.025]",0,1,0,0,0
"[0.40476190476190477,0.062401263823064775,0.0,0.0,0.3333333333333333,0.07500000000000001]",0,1,0,0,0
"[0.42857142857142855,0.12527646129541864,0.6666666666666666,0.0,0.3333333333333333,0.025]",0,1,0,1,1
"[0.9761904761904762,0.23507109004739338,0.6666666666666666,0.0,0.3333333333333333,0.1]",1,0,1,0,0
"[0.26190476190476186,0.08920484465508162,0.3333333333333333,1.0,0.6666666666666666,0.125]",0,1,0,0,0
"[0.30952380952380953,0.07856766719325961,0.3333333333333333,0.0,0.6666666666666666,0.025]",0,1,0,0,0
"[0.3333333333333333,0.27440758293838863,0.3333333333333333,0.0,0.6666666666666666,0.25]",0,1,0,0,0
"[0.42857142857142855,0.10684570826750922,1.0,0.0,0.6666666666666666,0.025]",0,2,1,0,0
"[0.30952380952380953,0.17983149025803055,1.0,1.0,0.6666666666666666,0.275]",0,3,1,0,0
"[0.40476190476190477,0.17393364928909955,0.0,0.0,0.6666666666666666,0.375]",1,0,0,0,0
"[0.6428571428571428,0.6443391258557135,0.0,0.0,1.0,0.0]",0,7,0,1,0
"[0.45238095238095233,0.6664033701948394,0.6666666666666666,0.0,1.0,0.125]",0,7,0,0,0
"[0.6666666666666666,0.2112690889942075,0.3333333333333333,1.0,0.6666666666666666,0.1]",2,8,0,1,0
"[0.2857142857142857,0.2167983149025803,1.0,0.0,0.3333333333333333,0.25]",0,2,0,1,0
"[0.40476190476190477,0.09741969457609269,0.6666666666666666,0.0,0.6666666666666666,0.15000000000000002]",0,1,0,0,0
"[0.8809523809523809,0.4860452869931543,1.0,0.0,0.6666666666666666,0.025]",1,0,0,0,0
"[0.47619047619047616,0.2274881516587678,1.0,0.0,0.6666666666666666,0.325]",0,1,1,1,0
"[0.38095238095238093,0.17461822011585046,0.3333333333333333,0.0,0.6666666666666666,0.125]",0,3,0,0,0
"[0.9047619047619047,0.32917324907846235,1.0,0.0,0.3333333333333333,0.15000000000000002]",0,3,0,0,0
"[0.11904761904761904,0.06914165350184308,0.0,0.0,0.6666666666666666,0.0]",1,6,0,0,0
"[0.7857142857142857,0.05613480779357557,1.0,1.0,0.6666666666666666,0.1]",0,2,0,0,0
"[0.2857142857142857,0.16550816219062664,1.0,0.0,0.6666666666666666,0.275]",0,4,0,0,0
"[0.6666666666666666,0.4533965244865719,1.0,0.0,0.6666666666666666,0.225]",1,0,0,0,1
"[0.5238095238095237,0.6579252238020011,0.3333333333333333,1.0,0.3333333333333333,0.55]",0,4,0,0,0
"[0.7857142857142857,0.2333859926276988,1.0,1.0,0.0,0.25]",1,0,0,1,0
"[0.2857142857142857,0.2211690363349131,0.3333333333333333,0.0,0.3333333333333333,0.275]",1,0,1,1,0
"[0.6666666666666666,0.508899420747762,0.0,0.0,0.3333333333333333,0.25]",0,4,0,1,0
"[0.3333333333333333,0.21068983675618747,0.6666666666666666,0.0,0.6666666666666666,0.275]",1,0,0,0,0
"[0.8571428571428571,0.6603475513428121,0.6666666666666666,0.0,0.0,0.1]",0,7,1,0,0
"[0.14285714285714285,0.21011058451816747,0.6666666666666666,1.0,0.3333333333333333,0.07500000000000001]",1,0,1,0,0
"[0.23809523809523808,0.16914165350184307,0.6666666666666666,0.0,1.0,0.125]",1,0,0,0,0
"[0.9523809523809523,0.6773565034228541,0.6666666666666666,0.0,0.3333333333333333,0.925]",1,0,0,0,0
"[0.6190476190476191,0.054397051079515535,0.3333333333333333,0.0,1.0,0.07500000000000001]",0,2,0,0,0
"[0.45238095238095233,0.05602948920484466,0.0,1.0,0.6666666666666666,0.07500000000000001]",2,8,0,1,1
"[0.3333333333333333,0.10252764612954186,0.0,0.0,0.6666666666666666,0.025]",0,1,0,0,0
"[0.047619047619047616,0.1009478672985782,1.0,0.0,0.6666666666666666,0.025]",0,2,1,1,1
"[0.38095238095238093,0.20010531858873093,0.6666666666666666,0.0,0.6666666666666666,0.4]",0,1,1,0,0
"[0.45238095238095233,0.21874670879410216,1.0,0.0,1.0,0.025]",0,4,0,0,0
"[0.9761904761904762,0.939178515007899,1.0,1.0,0.6666666666666666,0.07500000000000001]",2,5,1,0,0
"[0.7619047619047619,0.9037914691943129,0.3333333333333333,0.0,0.3333333333333333,0.2]",0,7,1,1,0
"[0.16666666666666666,0.24934175882043183,0.6666666666666666,0.0,0.6666666666666666,0.15000000000000002]",1,0,0,1,1
"[0.16666666666666666,0.09899947340705635,1.0,0.0,0.6666666666666666,0.05]",0,1,0,0,0
"[0.09523809523809523,0.09805160610847816,1.0,0.0,0.6666666666666666,0.0]",0,2,1,0,0
"[0.7857142857142857,0.3409689310163244,0.0,1.0,0.3333333333333333,0.325]",0,4,1,0,0
"[0.38095238095238093,0.26671932596103215,0.6666666666666666,1.0,0.6666666666666666,0.225]",0,2,0,1,1
"[0.8571428571428571,0.8593470247498683,1.0,0.0,0.6666666666666666,0.125]",2,5,1,1,0
"[0.14285714285714285,0.09294365455502897,0.6666666666666666,0.0,0.6666666666666666,0.125]",0,2,0,0,0
"[0.38095238095238093,0.18409689310163244,0.3333333333333333,0.0,0.6666666666666666,0.025]",0,1,1,0,0
"[0.45238095238095233,0.33802001053185887,1.0,0.0,0.6666666666666666,0.125]",1,0,0,0,0
"[0.38095238095238093,0.5593470247498684,0.0,0.0,0.6666666666666666,0.275]",0,5,1,0,0
"[0.42857142857142855,0.4596629805160611,1.0,0.0,0.6666666666666666,0.225]",1,0,1,0,0
"[0.42857142857142855,0.09615587151132175,1.0,1.0,0.6666666666666666,0.025]",0,2,1,0,0
"[0.5952380952380952,0.8399157451290153,1.0,0.0,1.0,0.625]",1,5,0,1,0
"[0.2857142857142857,0.08446550816219063,0.6666666666666666,1.0,0.3333333333333333,0.25]",0,1,0,0,0
"[0.3571428571428571,0.27051079515534493,0.3333333333333333,0.0,1.0,0.17500000000000002]",1,0,0,0,0
"[0.9047619047619047,0.20821484992101108,0.3333333333333333,0.0,0.6666666666666666,0.125]",0,1,1,1,1
"[0.7857142857142857,0.9756714060031596,0.6666666666666666,0.0,0.6666666666666666,0.5]",0,7,0,0,0
"[0.30952380952380953,0.27187993680884676,0.6666666666666666,0.0,0.3333333333333333,0.17500000000000002]",1,0,0,1,1
"[0.19047619047619047,0.07156398104265403,0.3333333333333333,0.0,0.3333333333333333,0.125]",0,1,1,0,0
"[0.9523809523809523,0.48988941548183257,1.0,0.0,0.3333333333333333,1.0]",0,4,1,0,1
"[0.023809523809523808,0.035071090047393366,0.6666666666666666,0.0,0.3333333333333333,0.0]",1,6,0,1,1
"[0.09523809523809523,0.07972617166929963,1.0,0.0,0.6666666666666666,0.05]",0,2,0,0,0
"[0.738095238095238,0.2926803580832017,0.0,0.0,0.3333333333333333,0.375]",0,3,1,0,0
"[0.5952380952380952,0.19641916798314904,0.6666666666666666,0.0,0.6666666666666666,0.07500000000000001]",0,1,1,0,0
"[0.7619047619047619,0.4317535545023697,1.0,0.0,0.6666666666666666,0.05]",1,0,1,0,0
"[0.30952380952380953,0.18694049499736703,0.6666666666666666,0.0,0.6666666666666666,0.05]",1,0,1,1,1
"[0.5476190476190476,0.3780937335439705,0.6666666666666666,0.0,0.6666666666666666,0.225]",1,0,0,1,0
"[0.19047619047619047,0.10179041600842549,0.6666666666666666,1.0,0.6666666666666666,0.2]",2,8,1,0,0
"[0.42857142857142855,0.20705634544497103,0.3333333333333333,1.0,0.6666666666666666,0.07500000000000001]",0,3,0,0,0
"[0.7857142857142857,0.5076882569773565,1.0,0.0,0.6666666666666666,0.1]",0,3,0,0,1
"[0.5,0.2576619273301738,0.6666666666666666,0.0,1.0,0.375]",1,0,1,0,0
"[0.16666666666666666,0.4017904160084255,0.6666666666666666,0.0,0.6666666666666666,0.05]",1,0,0,0,0
"[0.2857142857142857,0.28109531332280147,1.0,0.0,0.0,0.275]",2,8,0,1,0
"[0.3333333333333333,0.1680358083201685,0.0,1.0,1.0,0.125]",0,2,1,0,1
"[0.6428571428571428,0.1286466561348078,1.0,0.0,0.3333333333333333,0.15000000000000002]",0,1,0,0,0
"[0.47619047619047616,0.1741969457609268,0.6666666666666666,1.0,0.6666666666666666,0.07500000000000001]",0,1,1,1,0
"[0.2857142857142857,0.08546603475513428,0.6666666666666666,0.0,0.3333333333333333,0.125]",0,1,1,0,0
"[0.3333333333333333,0.1926803580832017,1.0,0.0,1.0,0.2]",1,0,0,0,0
"[0.2857142857142857,0.11558715113217484,0.0,0.0,0.6666666666666666,0.07500000000000001]",0,1,1,0,0
"[0.2857142857142857,0.09010005265929437,1.0,0.0,0.6666666666666666,0.125]",0,2,0,0,0
"[0.5476190476190476,0.8516061084781464,0.0,0.0,0.3333333333333333,0.17500000000000002]",0,5,0,0,0
"[0.5476190476190476,0.06471827277514482,0.0,1.0,0.6666666666666666,0.125]",0,2,0,0,0
"[0.023809523809523808,0.02496050552922591,0.3333333333333333,0.0,0.6666666666666666,0.025]",0,2,1,0,0
"[0.5238095238095237,0.2420221169036335,0.3333333333333333,0.0,0.6666666666666666,0.5]",0,1,1,0,0
"[0.40476190476190477,0.3310163243812533,0.3333333333333333,0.0,0.6666666666666666,0.25]",1,0,0,0,0
"[0.8333333333333333,0.06829910479199579,0.6666666666666666,1.0,0.0,0.17500000000000002]",1,6,0,1,0
"[0.6428571428571428,0.07051079515534492,0.3333333333333333,0.0,0.0,0.42500000000000004]",0,2,0,0,0
"[0.3333333333333333,0.42069510268562404,1.0,0.0,0.6666666666666666,0.225]",1,0,1,0,0
"[0.26190476190476186,0.17430226434965773,0.6666666666666666,0.0,0.6666666666666666,0.25]",0,3,0,0,0
"[0.7857142857142857,0.26977356503422856,0.6666666666666666,0.0,0.6666666666666666,0.025]",0,3,0,0,0
"[0.9523809523809523,0.12306477093206952,0.3333333333333333,1.0,0.3333333333333333,0.025]",0,1,1,1,0
"[0.5238095238095237,0.5184834123222749,1.0,0.0,0.3333333333333333,0.30000000000000004]",1,0,0,0,0
"[0.38095238095238093,0.06434965771458663,0.6666666666666666,0.0,0.6666666666666666,0.1]",1,6,1,0,0
"[0.09523809523809523,0.06919431279620854,1.0,1.0,0.6666666666666666,0.05]",0,1,0,0,0
"[0.21428571428571427,0.05344918378093734,0.3333333333333333,0.0,0.0,0.05]",0,1,0,0,0
"[0.23809523809523808,0.08973143759873618,1.0,0.0,0.0,0.125]",0,1,0,0,0
"[0.9285714285714285,0.4439178515007899,1.0,0.0,0.0,0.125]",0,4,0,1,0
"[0.21428571428571427,0.08199052132701422,0.6666666666666666,0.0,0.3333333333333333,0.025]",0,1,0,1,0
"[0.7619047619047619,0.9961558715113218,0.3333333333333333,0.0,0.6666666666666666,0.125]",0,5,1,0,0
"[0.5476190476190476,0.07593470247498683,0.6666666666666666,0.0,0.6666666666666666,0.225]",0,1,0,0,0
"[0.2857142857142857,0.4428646656134808,1.0,0.0,0.6666666666666666,0.25]",1,0,1,0,0
"[0.47619047619047616,0.4042654028436019,1.0,1.0,1.0,0.2]",1,0,1,0,0
"[0.3333333333333333,0.10684570826750922,0.6666666666666666,1.0,0.6666666666666666,0.125]",0,1,0,0,0
"[0.21428571428571427,0.10789889415481833,0.3333333333333333,0.0,0.3333333333333333,0.125]",0,1,0,1,0
"[0.023809523809523808,0.06929963138493944,0.0,1.0,1.0,0.0]",1,6,1,0,1
"[0.42857142857142855,0.05681937862032649,0.3333333333333333,0.0,0.3333333333333333,0.2]",0,2,0,0,0
"[0.2857142857142857,0.1086361242759347,0.0,0.0,0.6666666666666666,0.30000000000000004]",0,2,0,0,0
"[0.6428571428571428,0.21047919957872566,0.0,0.0,1.0,0.125]",1,0,1,1,0
"[0.9047619047619047,0.1710373880989995,0.0,0.0,0.6666666666666666,0.05]",0,1,1,1,0
"[0.3571428571428571,0.07851500789889417,1.0,0.0,1.0,0.07500000000000001]",0,1,0,0,0
"[0.023809523809523808,0.004897314375987362,1.0,1.0,0.3333333333333333,0.025]",0,2,0,0,1
"[0.6666666666666666,0.4973143759873618,0.0,1.0,0.6666666666666666,0.6000000000000001]",1,0,1,0,0
"[0.47619047619047616,0.06735123749341759,1.0,0.0,0.6666666666666666,0.05]",0,2,1,0,0
"[0.30952380952380953,0.1537651395471301,1.0,1.0,0.6666666666666666,0.1]",0,1,1,1,0
"[0.38095238095238093,0.06856240126382307,0.3333333333333333,0.0,0.6666666666666666,0.07500000000000001]",0,1,1,0,0
"[0.5476190476190476,0.11221695629278568,0.3333333333333333,1.0,0.3333333333333333,0.1]",1,6,1,1,1
"[0.7619047619047619,0.14117956819378621,0.6666666666666666,0.0,0.3333333333333333,0.07500000000000001]",0,2,0,0,0
"[0.8333333333333333,0.1812006319115324,0.0,0.0,0.6666666666666666,0.1]",0,3,1,0,0
"[0.3571428571428571,0.09199578725645077,0.3333333333333333,0.0,0.6666666666666666,0.2]",0,1,1,0,0
"[0.5238095238095237,0.94913112164297,0.6666666666666666,0.0,0.6666666666666666,0.5]",0,5,1,0,0
"[0.8809523809523809,0.9327540810953133,0.3333333333333333,0.0,0.6666666666666666,0.6000000000000001]",0,7,0,0,0
"[0.38095238095238093,0.4496050552922591,0.6666666666666666,0.0,0.3333333333333333,0.25]",0,3,0,0,0
"[0.7857142857142857,0.6700895208004213,0.3333333333333333,0.0,0.6666666666666666,0.17500000000000002]",0,4,1,0,0
"[0.8095238095238095,1.0,0.6666666666666666,0.0,0.6666666666666666,0.8250000000000001]",0,5,0,0,0
"[0.21428571428571427,0.06687730384412849,0.3333333333333333,0.0,0.3333333333333333,0.17500000000000002]",0,1,1,0,0
"[0.40476190476190477,0.25839915745129016,0.6666666666666666,0.0,0.6666666666666666,0.025]",0,3,0,1,1
"[0.5952380952380952,0.05687203791469195,1.0,0.0,1.0,0.125]",0,1,0,0,0
"[0.6428571428571428,0.8311216429699843,1.0,1.0,0.6666666666666666,0.5]",0,5,0,0,0
"[0.45238095238095233,0.1345444971037388,0.0,0.0,0.3333333333333333,0.2]",0,1,0,1,0
"[0.40476190476190477,0.179884149552396,0.3333333333333333,0.0,0.6666666666666666,0.15000000000000002]",0,2,1,0,0
"[0.5714285714285714,0.22411795681937863,0.6666666666666666,0.0,0.6666666666666666,0.125]",0,3,1,0,0
"[0.47619047619047616,0.2919431279620853,0.6666666666666666,0.0,0.6666666666666666,0.025]",0,3,0,0,0
"[0.47619047619047616,0.2765666140073723,1.0,0.0,0.0,0.17500000000000002]",0,3,0,0,0
"[0.21428571428571427,0.17319641916798315,0.0,0.0,0.6666666666666666,0.05]",0,3,0,0,0
"[0.738095238095238,0.30516061084781465,1.0,0.0,0.6666666666666666,0.17500000000000002]",0,3,0,1,0
"[0.38095238095238093,0.14776197998946813,0.6666666666666666,0.0,1.0,0.125]",0,1,0,1,0
"[0.5238095238095237,0.09120589784096894,1.0,0.0,1.0,0.17500000000000002]",0,2,0,1,0
"[0.47619047619047616,0.29826224328594,0.0,0.0,0.6666666666666666,0.025]",0,4,0,1,1
"[0.26190476190476186,0.34913112164297,1.0,1.0,0.3333333333333333,0.25]",1,0,1,0,1
"[0.09523809523809523,0.0694576092680358,0.3333333333333333,0.0,0.3333333333333333,0.1]",0,1,0,1,0
"[0.42857142857142855,0.060242232754081096,1.0,0.0,0.6666666666666666,0.2]",0,2,1,0,0
"[0.5238095238095237,0.20363349131121644,1.0,0.0,0.0,0.07500000000000001]",0,4,0,0,0
"[0.6666666666666666,0.44165350184307534,0.0,0.0,0.6666666666666666,0.1]",0,4,0,0,0
"[0.3333333333333333,0.49452343338599264,1.0,0.0,0.3333333333333333,0.35000000000000003]",1,0,0,0,1
"[0.2857142857142857,0.39310163243812535,0.6666666666666666,1.0,0.6666666666666666,0.275]",0,3,0,0,0
"[0.21428571428571427,0.4724591890468668,0.6666666666666666,0.0,0.6666666666666666,0.17500000000000002]",1,0,1,0,0
"[0.7857142857142857,0.6045813586097947,0.3333333333333333,0.0,0.0,0.25]",0,7,0,0,0
"[0.2857142857142857,0.08678251711427067,0.0,0.0,0.6666666666666666,0.125]",0,1,1,1,1
"[0.5476190476190476,0.6625592417061612,1.0,0.0,0.6666666666666666,0.025]",1,5,1,1,0
"[0.2857142857142857,0.29947340705634545,0.0,0.0,0.3333333333333333,0.15000000000000002]",1,0,1,0,1
"[0.26190476190476186,0.055239599789362825,0.6666666666666666,0.0,0.3333333333333333,0.15000000000000002]",0,1,0,0,1
"[0.6428571428571428,0.41369141653501845,1.0,0.0,0.6666666666666666,0.47500000000000003]",1,0,1,0,0
"[0.8571428571428571,0.25966298051606107,0.0,0.0,0.6666666666666666,0.15000000000000002]",1,0,1,0,0
"[0.42857142857142855,0.25829383886255924,0.3333333333333333,0.0,1.0,0.325]",0,2,0,0,0
"[0.3571428571428571,0.08493944181147974,0.3333333333333333,1.0,0.6666666666666666,0.07500000000000001]",0,1,1,0,0
"[0.45238095238095233,0.5885202738283307,1.0,0.0,0.6666666666666666,0.25]",0,7,0,1,0
"[0.47619047619047616,0.5055292259083729,0.6666666666666666,0.0,0.3333333333333333,0.4]",1,0,0,0,0
"[0.30952380952380953,0.17567140600315956,0.6666666666666666,0.0,0.6666666666666666,0.125]",0,3,0,0,0
"[0.9761904761904762,0.06150605581885203,1.0,0.0,0.6666666666666666,0.025]",0,1,0,0,0
"[0.45238095238095233,0.09394418114797262,1.0,0.0,0.6666666666666666,0.225]",1,6,0,0,0
"[0.26190476190476186,0.36382306477093207,1.0,0.0,0.6666666666666666,0.275]",1,0,1,0,0
"[0.40476190476190477,0.40968931016324384,0.6666666666666666,0.0,1.0,0.25]",1,0,1,0,0
"[0.26190476190476186,0.0726698262243286,1.0,0.0,0.3333333333333333,0.1]",0,1,0,1,1
"[0.8095238095238095,0.11600842548709848,1.0,0.0,0.3333333333333333,0.05]",0,2,1,0,0
"[0.5714285714285714,0.9596103212216957,1.0,0.0,0.6666666666666666,0.55]",0,5,0,0,0
"[0.9761904761904762,0.06624539231174302,0.6666666666666666,0.0,0.3333333333333333,0.05]",2,8,0,0,0
"[0.7619047619047619,0.9746182201158505,1.0,0.0,0.3333333333333333,0.17500000000000002]",1,5,1,0,0
"[0.3571428571428571,0.075144813059505,1.0,0.0,0.0,0.125]",0,2,0,1,1
"[0.5952380952380952,0.7927856766719327,1.0,1.0,0.6666666666666666,0.42500000000000004]",1,5,1,1,0
"[0.3571428571428571,0.08941548183254344,0.0,1.0,1.0,0.225]",0,2,1,0,1
"[0.8095238095238095,0.950974196945761,0.6666666666666666,0.0,1.0,0.8250000000000001]",1,5,0,1,0
"[0.3333333333333333,0.15387045813586098,0.3333333333333333,0.0,0.6666666666666666,0.1]",1,6,1,0,0
"[0.3333333333333333,0.14328593996840444,0.6666666666666666,0.0,0.0,0.07500000000000001]",0,2,0,1,1
"[0.5,0.06440231700895209,0.6666666666666666,0.0,0.6666666666666666,0.07500000000000001]",0,2,1,0,0
"[0.3333333333333333,0.18199052132701424,1.0,0.0,0.6666666666666666,0.07500000000000001]",1,0,0,0,0
"[0.5476190476190476,0.1086361242759347,0.0,0.0,0.3333333333333333,0.025]",0,1,0,0,0
"[0.5238095238095237,0.12164296998420222,1.0,0.0,0.6666666666666666,0.225]",0,1,0,0,0
"[0.6428571428571428,0.958030542390732,1.0,0.0,0.6666666666666666,0.6000000000000001]",0,5,0,0,0
"[0.30952380952380953,0.6669826224328594,0.6666666666666666,0.0,0.6666666666666666,0.05]",0,7,0,0,0
"[0.3571428571428571,0.10015797788309637,1.0,0.0,0.3333333333333333,0.05]",0,1,1,0,0
"[0.38095238095238093,0.26055818852027385,0.0,0.0,0.6666666666666666,0.275]",0,3,0,0,0
"[0.45238095238095233,0.15329120589784098,0.0,0.0,0.3333333333333333,0.07500000000000001]",0,1,1,0,0
"[0.6428571428571428,0.2856766719325961,0.6666666666666666,0.0,0.6666666666666666,0.07500000000000001]",0,3,0,0,0
"[0.45238095238095233,0.4759873617693523,0.6666666666666666,0.0,0.6666666666666666,0.025]",0,3,0,0,1
"[0.5,0.5228541337546078,0.6666666666666666,1.0,0.6666666666666666,0.47500000000000003]",0,4,1,0,0
"[0.26190476190476186,0.07008952080042127,1.0,0.0,0.6666666666666666,0.15000000000000002]",0,1,0,0,0
"[0.5714285714285714,0.29152185360716165,0.0,0.0,0.6666666666666666,0.07500000000000001]",0,1,1,1,0
"[0.26190476190476186,0.3118483412322275,1.0,0.0,0.6666666666666666,0.07500000000000001]",1,0,0,0,0
"[0.16666666666666666,0.20479199578725646,0.6666666666666666,0.0,0.6666666666666666,0.1]",0,3,1,0,0
"[0.5714285714285714,0.08341232227488152,0.0,0.0,0.6666666666666666,0.225]",0,2,1,1,0
"[0.5238095238095237,0.9703528172722486,0.6666666666666666,0.0,0.6666666666666666,0.525]",0,7,0,0,0
"[0.7857142857142857,0.09025803054239073,1.0,0.0,0.3333333333333333,0.025]",0,1,0,0,0
"[0.30952380952380953,0.1300684570826751,0.3333333333333333,0.0,1.0,0.125]",0,2,0,0,1
"[0.3333333333333333,0.09399684044233808,0.3333333333333333,1.0,0.0,0.125]",0,2,0,0,0
"[0.47619047619047616,0.22327540810953134,1.0,0.0,0.6666666666666666,0.2]",1,0,0,0,0
"[0.3333333333333333,0.06145339652448657,0.0,0.0,0.6666666666666666,0.15000000000000002]",0,2,0,0,0
"[0.6666666666666666,0.8353343865192207,0.3333333333333333,0.0,0.3333333333333333,0.17500000000000002]",1,5,1,1,0
"[0.23809523809523808,0.13038441284886784,0.6666666666666666,0.0,0.0,0.0]",0,2,0,0,1
"[0.26190476190476186,0.29673512374934174,0.3333333333333333,0.0,0.6666666666666666,0.0]",1,0,0,0,0
"[0.30952380952380953,0.24081095313322803,1.0,1.0,0.6666666666666666,0.225]",0,4,0,0,0
"[0.16666666666666666,0.1575039494470774,0.0,0.0,0.6666666666666666,0.15000000000000002]",0,4,0,0,0
"[0.6428571428571428,0.657556608741443,1.0,0.0,0.6666666666666666,0.5]",0,4,0,1,0
"[0.42857142857142855,0.11590310689836757,1.0,0.0,0.6666666666666666,0.375]",0,2,0,0,0
"[0.8809523809523809,0.9497630331753555,0.0,0.0,0.6666666666666666,0.9]",0,5,0,1,0
"[0.6904761904761905,0.5708267509215377,0.3333333333333333,0.0,0.3333333333333333,0.25]",0,5,0,1,1
"[0.23809523809523808,0.05587151132174829,1.0,1.0,0.3333333333333333,0.125]",0,1,0,0,0
"[0.45238095238095233,0.2892575039494471,1.0,0.0,1.0,0.125]",1,0,0,0,0
"[0.07142857142857142,0.11695629278567668,0.6666666666666666,0.0,1.0,0.07500000000000001]",0,1,0,0,0
"[0.45238095238095233,0.6631911532385466,1.0,0.0,0.6666666666666666,0.125]",0,7,1,1,0
"[0.40476190476190477,0.5785676671932596,0.3333333333333333,0.0,0.3333333333333333,0.17500000000000002]",0,5,1,0,0
"[0.47619047619047616,0.2420221169036335,0.0,1.0,0.6666666666666666,0.2]",1,0,1,1,0
"[0.19047619047619047,0.28372827804107426,0.3333333333333333,1.0,0.0,0.15000000000000002]",0,3,1,0,0
"[0.7619047619047619,0.9549763033175356,0.3333333333333333,0.0,0.3333333333333333,0.25]",0,7,0,0,0
"[0.8333333333333333,0.872827804107425,0.6666666666666666,0.0,0.3333333333333333,0.125]",0,7,0,1,0
"[0.5714285714285714,0.20526592943654556,0.6666666666666666,1.0,0.6666666666666666,0.5]",1,0,0,0,0
"[0.26190476190476186,0.18667719852553977,1.0,0.0,0.3333333333333333,0.25]",1,0,0,0,0
"[0.8809523809523809,0.23201685097419697,1.0,0.0,0.6666666666666666,0.25]",0,2,0,1,0
"[0.19047619047619047,0.19652448657187996,0.0,0.0,0.6666666666666666,0.125]",0,4,0,1,0
"[0.45238095238095233,0.05824117956819379,1.0,0.0,0.6666666666666666,0.42500000000000004]",0,1,1,0,0
"[0.6190476190476191,0.11332280147446025,0.6666666666666666,1.0,0.0,0.025]",0,2,0,1,1
"[0.47619047619047616,0.24939441811479726,1.0,0.0,0.6666666666666666,0.05]",0,4,0,0,0
"[0.19047619047619047,0.07182727751448131,0.3333333333333333,0.0,0.6666666666666666,0.07500000000000001]",0,2,0,1,1
"[0.23809523809523808,0.12116903633491312,1.0,1.0,0.6666666666666666,0.125]",0,1,1,0,0
"[0.738095238095238,0.9297525013164823,0.0,0.0,0.6666666666666666,0.07500000000000001]",0,7,1,1,0
"[0.42857142857142855,0.18304370721432334,0.3333333333333333,0.0,0.6666666666666666,0.2]",0,1,0,0,0
"[0.30952380952380953,0.0937335439705108,0.3333333333333333,0.0,0.3333333333333333,0.05]",1,6,1,0,0
"[0.19047619047619047,0.2537651395471301,1.0,0.0,0.6666666666666666,0.2]",1,0,0,1,1
"[0.45238095238095233,0.0693522906793049,1.0,0.0,0.3333333333333333,0.1]",0,1,0,1,0
"[0.5714285714285714,0.6590837282780411,0.3333333333333333,0.0,1.0,0.5]",1,0,1,0,0
"[0.0,0.021642969984202214,0.6666666666666666,0.0,0.6666666666666666,0.0]",0,2,0,0,1
"[0.40476190476190477,0.36919431279620857,0.3333333333333333,0.0,0.3333333333333333,0.275]",1,0,0,0,0
"[0.42857142857142855,0.1410742496050553,1.0,0.0,0.6666666666666666,0.025]",0,2,0,0,0
"[0.7857142857142857,0.23554502369668248,0.3333333333333333,0.0,0.6666666666666666,0.1]",0,3,0,0,0
"[0.5476190476190476,0.7902053712480253,0.3333333333333333,0.0,0.6666666666666666,0.55]",1,5,0,0,0
"[0.0,0.010057925223802002,0.6666666666666666,0.0,0.6666666666666666,0.0]",1,6,1,0,0
"[0.23809523809523808,0.244971037388099,0.0,0.0,0.6666666666666666,0.2]",0,4,0,0,0
"[0.30952380952380953,0.31174302264349657,1.0,0.0,0.3333333333333333,0.2]",1,0,0,0,0
"[0.5,0.45308056872037916,1.0,0.0,0.3333333333333333,0.45]",0,4,0,0,0
"[0.42857142857142855,0.24565560821484994,0.3333333333333333,0.0,0.6666666666666666,0.225]",0,2,1,0,0
"[0.3333333333333333,0.23565034228541337,0.6666666666666666,0.0,0.3333333333333333,0.325]",1,0,0,0,0
"[0.47619047619047616,0.5819905213270142,0.3333333333333333,0.0,0.6666666666666666,0.25]",0,7,1,0,0
"[0.9523809523809523,0.24491837809373357,0.6666666666666666,0.0,0.6666666666666666,0.125]",0,4,0,1,0
"[0.30952380952380953,0.20073723012111638,1.0,0.0,0.6666666666666666,0.125]",0,1,0,1,0
"[0.30952380952380953,0.2844128488678252,0.0,0.0,0.6666666666666666,0.05]",2,8,0,0,0
"[0.6428571428571428,0.22122169562927857,0.0,0.0,0.6666666666666666,0.6000000000000001]",0,2,0,0,0
"[0.30952380952380953,0.08878357030015799,1.0,0.0,0.0,0.05]",0,1,0,1,0
"[0.3571428571428571,0.5723538704581359,0.3333333333333333,0.0,0.6666666666666666,0.25]",0,5,1,0,0
"[0.5,0.84565560821485,0.0,0.0,0.6666666666666666,0.525]",0,5,0,1,0
"[0.5952380952380952,0.07614533965244866,1.0,0.0,0.6666666666666666,0.2]",0,2,1,0,0
"[0.738095238095238,0.682201158504476,0.6666666666666666,0.0,0.6666666666666666,0.17500000000000002]",0,4,1,1,0
"[0.8095238095238095,0.20705634544497103,0.3333333333333333,0.0,0.3333333333333333,0.2]",0,1,0,0,1
"[0.21428571428571427,0.07735650342285413,0.3333333333333333,0.0,0.3333333333333333,0.1]",0,1,1,1,0
"[0.3333333333333333,0.22216956292785678,0.3333333333333333,0.0,0.6666666666666666,0.325]",1,0,1,1,0
"[0.21428571428571427,0.18267509215376515,0.6666666666666666,0.0,0.6666666666666666,0.125]",1,0,0,1,0
"[0.30952380952380953,0.3442864665613481,1.0,0.0,0.6666666666666666,0.17500000000000002]",1,0,0,0,0
"[0.3333333333333333,0.213059505002633,1.0,0.0,0.3333333333333333,0.17500000000000002]",0,1,1,0,0
"[0.23809523809523808,0.12927856766719326,1.0,0.0,0.3333333333333333,0.07500000000000001]",0,1,0,1,1
"[0.2857142857142857,0.25097419694576095,1.0,0.0,0.6666666666666666,0.25]",0,1,1,0,0
"[0.30952380952380953,0.417798841495524,0.6666666666666666,1.0,0.6666666666666666,0.25]",0,3,1,0,0
"[0.5,0.9617166929963139,1.0,0.0,0.6666666666666666,0.525]",0,5,0,0,0
"[0.5,0.22269615587151134,0.6666666666666666,0.0,0.3333333333333333,0.025]",1,0,1,1,1
"[0.3571428571428571,0.19341758820431806,1.0,0.0,0.3333333333333333,0.17500000000000002]",1,0,0,0,0
"[0.6904761904761905,0.9105318588730912,0.6666666666666666,0.0,0.6666666666666666,0.07500000000000001]",0,7,0,0,0
"[0.5952380952380952,0.22369668246445498,0.6666666666666666,0.0,1.0,0.225]",0,2,1,0,0
"[0.21428571428571427,0.2812006319115324,0.3333333333333333,0.0,0.6666666666666666,0.125]",1,0,0,1,0
"[0.8571428571428571,0.20326487625065826,0.6666666666666666,0.0,0.3333333333333333,0.1]",0,1,1,0,0
"[0.5952380952380952,0.4726698262243286,0.0,0.0,0.3333333333333333,0.025]",0,4,1,0,0
"[0.6428571428571428,0.1415481832543444,1.0,0.0,0.6666666666666666,0.25]",0,1,0,0,0
"[0.5238095238095237,0.3395471300684571,1.0,1.0,0.3333333333333333,0.1]",1,0,0,1,0
"[0.26190476190476186,0.05845181674565561,0.0,0.0,0.3333333333333333,0.17500000000000002]",0,2,0,1,1
"[0.26190476190476186,0.15660874144286469,1.0,0.0,0.6666666666666666,0.07500000000000001]",0,2,0,0,0
"[0.2857142857142857,0.2690363349131122,0.6666666666666666,0.0,0.6666666666666666,0.25]",1,0,1,0,0
"[0.21428571428571427,0.27409162717219593,0.3333333333333333,0.0,0.6666666666666666,0.2]",1,0,1,0,0
"[0.45238095238095233,0.28109531332280147,1.0,0.0,0.3333333333333333,0.15000000000000002]",0,3,0,0,0
"[0.47619047619047616,0.5529752501316483,1.0,0.0,0.6666666666666666,0.275]",0,7,0,1,0
"[0.30952380952380953,0.32301211163770405,1.0,0.0,0.3333333333333333,0.275]",0,3,1,1,0
"[0.26190476190476186,0.3822538177988415,0.3333333333333333,0.0,0.6666666666666666,0.17500000000000002]",1,0,1,1,0
"[0.40476190476190477,0.3731437598736177,0.3333333333333333,0.0,0.6666666666666666,0.4]",0,3,0,0,0
"[0.11904761904761904,0.09978936282253818,1.0,0.0,0.3333333333333333,0.1]",0,1,0,0,0
"[0.5476190476190476,0.264507635597683,0.3333333333333333,0.0,0.6666666666666666,0.125]",0,3,0,1,0
"[0.6904761904761905,0.10358083201685098,0.6666666666666666,0.0,0.6666666666666666,0.0]",1,6,0,0,0
"[0.5714285714285714,0.7889942074776198,1.0,0.0,0.6666666666666666,0.025]",0,7,1,0,0
"[0.26190476190476186,0.19167983149025805,0.6666666666666666,0.0,0.3333333333333333,0.1]",1,0,0,0,0
"[0.5714285714285714,0.08883622959452343,0.6666666666666666,0.0,0.6666666666666666,0.07500000000000001]",2,8,0,1,0
"[0.3333333333333333,0.07166929963138494,0.3333333333333333,0.0,0.6666666666666666,0.2]",0,2,1,0,0
"[0.7142857142857142,0.605318588730911,0.6666666666666666,1.0,0.0,0.0]",1,5,1,0,0
"[0.45238095238095233,0.26145339652448657,0.0,0.0,0.6666666666666666,0.17500000000000002]",0,1,0,1,0
"[0.2857142857142857,0.19626119010005266,0.6666666666666666,0.0,1.0,0.05]",1,0,1,1,0
"[0.19047619047619047,0.22575039494470775,0.6666666666666666,0.0,0.6666666666666666,0.2]",1,0,0,0,0
"[0.5714285714285714,0.3039494470774092,1.0,1.0,0.6666666666666666,0.025]",0,4,0,0,0
"[0.07142857142857142,0.06134807793575566,0.3333333333333333,0.0,0.6666666666666666,0.07500000000000001]",1,6,1,1,1
"[0.42857142857142855,0.29720905739863085,1.0,0.0,0.6666666666666666,0.025]",1,0,1,0,0
"[0.42857142857142855,0.4576092680358083,1.0,0.0,0.6666666666666666,0.325]",1,0,0,0,0
"[0.9285714285714285,0.30258030542390735,0.6666666666666666,0.0,0.6666666666666666,0.07500000000000001]",0,4,0,0,0
"[0.5238095238095237,0.06340179041600842,0.6666666666666666,0.0,0.6666666666666666,0.17500000000000002]",0,2,1,1,0
"[0.07142857142857142,0.08430753027909427,1.0,1.0,0.3333333333333333,0.07500000000000001]",1,6,0,0,0
"[0.3571428571428571,0.09699842022116904,0.6666666666666666,0.0,0.6666666666666666,0.025]",1,6,1,1,1
"[0.45238095238095233,0.1286466561348078,0.0,1.0,0.6666666666666666,0.125]",0,2,1,0,0
"[0.6666666666666666,0.22374934175882044,0.6666666666666666,0.0,1.0,0.025]",0,3,1,0,0
"[0.5476190476190476,0.43949447077409165,0.3333333333333333,0.0,0.6666666666666666,0.2]",1,0,0,0,1
"[0.7619047619047619,0.4995787256450764,1.0,0.0,0.6666666666666666,0.1]",0,4,0,0,0
"[0.5238095238095237,0.28283307003686153,0.6666666666666666,0.0,0.6666666666666666,0.15000000000000002]",1,0,0,1,1
"[0.30952380952380953,0.08678251711427067,0.3333333333333333,0.0,0.6666666666666666,0.05]",0,1,0,1,0
"[0.07142857142857142,0.08988941548183255,0.3333333333333333,0.0,0.6666666666666666,0.025]",1,6,1,0,1
"[0.26190476190476186,0.06276987888362297,1.0,0.0,0.6666666666666666,0.07500000000000001]",0,1,0,0,0
"[0.40476190476190477,0.2912585571353344,0.3333333333333333,0.0,0.6666666666666666,0.025]",0,4,0,0,0
"[0.21428571428571427,0.1478146392838336,0.3333333333333333,0.0,0.6666666666666666,0.125]",0,2,0,0,0
"[0.23809523809523808,0.22348604528699317,1.0,0.0,0.6666666666666666,0.17500000000000002]",1,0,0,0,0
"[0.738095238095238,0.524275934702475,0.6666666666666666,1.0,0.6666666666666666,0.125]",0,4,0,0,0
"[0.7857142857142857,0.20679304897314377,1.0,0.0,0.3333333333333333,0.17500000000000002]",1,0,1,0,0
"[0.42857142857142855,0.08077935755660874,0.6666666666666666,0.0,0.6666666666666666,0.05]",0,1,1,0,0
"[0.38095238095238093,0.2261716692996314,1.0,0.0,0.3333333333333333,0.125]",1,0,0,1,1
"[0.8809523809523809,0.8241179568193786,1.0,0.0,0.6666666666666666,0.125]",0,5,1,1,0
"[0.14285714285714285,0.17119536598209584,0.6666666666666666,0.0,1.0,0.125]",1,0,1,1,0
"[0.2857142857142857,0.07725118483412323,0.3333333333333333,0.0,0.6666666666666666,0.025]",1,6,0,0,0
"[0.19047619047619047,0.11021590310689837,0.0,1.0,0.6666666666666666,0.15000000000000002]",0,1,0,0,1
"[0.09523809523809523,0.06503422854133754,0.3333333333333333,0.0,0.6666666666666666,0.05]",0,1,1,0,0
"[0.42857142857142855,0.3468667719852554,0.6666666666666666,0.0,0.6666666666666666,0.25]",1,0,0,0,0
"[0.2857142857142857,0.06719325961032123,1.0,1.0,0.6666666666666666,0.025]",0,1,0,1,1
"[0.45238095238095233,0.1066350710900474,0.0,0.0,0.3333333333333333,0.45]",0,2,1,0,0
"[0.5238095238095237,0.2478146392838336,0.3333333333333333,0.0,0.6666666666666666,0.125]",1,0,1,0,0
"[0.5714285714285714,0.08251711427066878,0.0,0.0,0.6666666666666666,0.125]",0,2,1,0,0
"[0.45238095238095233,0.16787783043707216,0.3333333333333333,0.0,0.3333333333333333,0.025]",0,3,0,1,0
"[0.5952380952380952,0.7017904160084255,0.3333333333333333,0.0,0.6666666666666666,0.625]",0,7,0,0,0
"[0.5238095238095237,0.12843601895734597,0.6666666666666666,1.0,0.6666666666666666,0.025]",0,2,1,0,0
"[0.8571428571428571,0.9687730384412849,0.0,0.0,0.3333333333333333,0.1]",0,7,0,0,0
"[0.38095238095238093,0.29115323854660347,0.6666666666666666,0.0,0.6666666666666666,0.07500000000000001]",1,0,1,0,0
"[0.30952380952380953,0.1736176935229068,0.0,0.0,0.0,0.325]",0,3,1,0,0
"[0.5952380952380952,0.06577145866245393,1.0,1.0,0.6666666666666666,0.07500000000000001]",0,2,0,0,0
"[0.5952380952380952,0.18499210110584519,0.6666666666666666,0.0,0.6666666666666666,0.125]",0,4,1,1,0
"[0.16666666666666666,0.18314902580305426,1.0,0.0,0.6666666666666666,0.125]",1,0,1,1,0
"[0.45238095238095233,0.18114797261716695,0.6666666666666666,0.0,0.6666666666666666,0.325]",0,1,1,1,0
"[0.30952380952380953,0.0636650868878357,0.0,0.0,0.6666666666666666,0.1]",0,2,0,0,0
"[0.5,0.9577672459189047,0.6666666666666666,0.0,0.6666666666666666,0.525]",0,5,0,1,0
"[0.9047619047619047,0.6426013691416536,0.0,0.0,0.3333333333333333,0.17500000000000002]",1,0,1,0,0
"[0.2857142857142857,0.29320695102685623,0.6666666666666666,0.0,0.6666666666666666,0.125]",1,0,1,0,0
"[0.5476190476190476,0.388783570300158,0.0,0.0,0.6666666666666666,0.25]",1,0,0,0,0
"[0.23809523809523808,0.18688783570300158,0.0,0.0,0.6666666666666666,0.25]",0,2,0,0,0
"[0.16666666666666666,0.15913638757240653,0.0,0.0,0.6666666666666666,0.05]",0,2,0,0,1
"[0.8095238095238095,0.3665086887835703,0.6666666666666666,0.0,0.6666666666666666,0.125]",0,3,0,1,0
"[0.6428571428571428,0.0866245392311743,1.0,1.0,0.3333333333333333,0.05]",0,1,0,0,0
"[0.8095238095238095,0.8186413902053713,1.0,0.0,0.0,0.125]",0,5,1,0,0
"[0.5714285714285714,0.18678251711427069,0.6666666666666666,0.0,0.6666666666666666,0.125]",0,1,1,0,0
"[0.2857142857142857,0.26761453396524487,1.0,1.0,0.6666666666666666,0.125]",0,3,1,0,0
"[1.0,0.9771985255397578,0.0,0.0,0.0,0.7250000000000001]",0,5,1,0,0
"[0.6666666666666666,0.2001579778830964,0.6666666666666666,0.0,0.3333333333333333,0.25]",0,3,1,0,0
"[0.5714285714285714,0.18504476040021064,1.0,0.0,1.0,0.15000000000000002]",0,4,1,0,0
"[0.14285714285714285,0.11548183254344392,0.3333333333333333,0.0,0.6666666666666666,0.125]",1,6,1,1,1
"[0.38095238095238093,0.07066877303844128,0.6666666666666666,0.0,0.3333333333333333,0.05]",1,6,1,0,1
"[0.47619047619047616,0.036492890995260666,1.0,1.0,0.6666666666666666,0.025]",0,2,0,1,0
"[0.5238095238095237,0.8968931016324382,0.6666666666666666,0.0,0.6666666666666666,0.5]",1,5,1,0,0
"[0.19047619047619047,0.09884149552395999,1.0,1.0,0.0,0.07500000000000001]",0,1,1,0,0
"[0.2857142857142857,0.05729331226961559,1.0,0.0,0.0,0.125]",0,2,0,0,0
"[0.26190476190476186,0.5753554502369669,0.6666666666666666,0.0,0.6666666666666666,0.25]",0,7,0,0,0
"[0.26190476190476186,0.0809373354397051,0.3333333333333333,0.0,1.0,0.05]",0,1,1,0,1
"[0.023809523809523808,0.08188520273828331,1.0,0.0,1.0,0.025]",2,8,0,0,1
"[0.2857142857142857,0.3898367561874671,0.0,0.0,0.6666666666666666,0.225]",1,0,1,0,0
"[0.9285714285714285,0.6903106898367563,1.0,0.0,0.3333333333333333,0.025]",1,5,0,0,0
"[0.7619047619047619,0.8444971037388099,0.6666666666666666,0.0,0.6666666666666666,0.675]",0,5,0,0,0
"[0.2857142857142857,0.08188520273828331,1.0,0.0,0.3333333333333333,0.275]",0,2,1,0,0
"[1.0,0.4874670879410216,0.0,0.0,1.0,0.45]",1,0,1,0,0
"[0.6904761904761905,0.21384939441811482,1.0,0.0,0.6666666666666666,0.125]",0,3,1,0,0
"[0.6666666666666666,0.8874144286466562,0.6666666666666666,0.0,0.0,0.07500000000000001]",0,7,0,0,0
"[0.40476190476190477,0.16961558715113217,0.6666666666666666,0.0,0.6666666666666666,0.125]",0,2,0,0,0
"[0.8571428571428571,0.1459189046866772,0.6666666666666666,0.0,0.6666666666666666,0.025]",0,2,1,0,0
"[0.38095238095238093,0.09262769878883623,0.6666666666666666,0.0,0.6666666666666666,0.17500000000000002]",0,1,0,0,0
"[0.6666666666666666,0.42453923117430226,1.0,0.0,0.6666666666666666,0.07500000000000001]",1,0,1,1,0
"[0.30952380952380953,0.5075829383886256,0.3333333333333333,1.0,1.0,0.325]",0,3,0,0,0
"[0.3571428571428571,0.6635597682991048,0.6666666666666666,0.0,1.0,0.17500000000000002]",0,5,0,1,1
"[0.3571428571428571,0.12632964718272777,1.0,0.0,0.6666666666666666,0.1]",0,2,0,0,1
"[0.2857142857142857,0.10394944707740916,0.3333333333333333,0.0,0.6666666666666666,0.07500000000000001]",1,6,0,0,0
"[0.40476190476190477,0.3487625065824118,0.6666666666666666,0.0,0.6666666666666666,0.2]",0,4,0,1,0
"[0.30952380952380953,0.4641916798314903,0.6666666666666666,0.0,0.6666666666666666,0.025]",0,4,0,0,1
"[0.38095238095238093,0.4708267509215377,0.0,0.0,0.6666666666666666,0.07500000000000001]",2,8,1,1,1
"[0.5714285714285714,0.05708267509215377,0.6666666666666666,0.0,0.6666666666666666,0.05]",0,2,0,0,0
"[0.42857142857142855,0.47240652975250136,1.0,0.0,0.3333333333333333,0.25]",1,0,0,0,0
"[0.09523809523809523,0.15192206424433913,0.6666666666666666,0.0,0.6666666666666666,0.05]",0,2,0,0,1
"[0.7142857142857142,0.16018957345971566,1.0,0.0,0.6666666666666666,0.225]",1,0,1,0,0
"[0.8809523809523809,0.8333859926276989,0.3333333333333333,1.0,0.6666666666666666,0.25]",1,5,1,0,0
"[0.5476190476190476,0.2749341758820432,1.0,0.0,0.6666666666666666,0.35000000000000003]",1,0,0,0,0
"[0.40476190476190477,0.19526066350710902,0.6666666666666666,0.0,0.6666666666666666,0.275]",1,0,0,0,0
"[0.5238095238095237,0.64391785150079,0.6666666666666666,0.0,0.6666666666666666,0.5]",0,3,1,0,0
"[0.5,0.1446024223275408,0.6666666666666666,0.0,0.6666666666666666,0.2]",0,2,1,0,0
"[0.30952380952380953,0.29347024749868356,1.0,0.0,1.0,0.15000000000000002]",1,0,0,1,0
"[0.5714285714285714,0.3368615060558189,0.0,1.0,0.3333333333333333,0.25]",0,3,0,1,0
"[0.6428571428571428,0.1998946814112691,0.3333333333333333,0.0,1.0,0.2]",1,0,0,0,0
"[0.19047619047619047,0.09120589784096894,0.6666666666666666,0.0,0.3333333333333333,0.17500000000000002]",2,8,1,1,1
"[0.26190476190476186,0.17130068457082676,1.0,0.0,1.0,0.07500000000000001]",0,3,0,0,0
"[0.3571428571428571,0.7991047919957873,0.6666666666666666,0.0,0.6666666666666666,0.15000000000000002]",0,7,1,0,0
"[0.30952380952380953,0.5554502369668247,1.0,1.0,0.3333333333333333,0.125]",1,5,0,0,0
"[0.0,0.045760926803580834,0.3333333333333333,0.0,0.6666666666666666,0.0]",1,6,0,1,1
"[0.5238095238095237,0.522538177988415,0.0,0.0,0.6666666666666666,0.025]",1,0,0,0,0
"[0.5476190476190476,0.30552922590837284,0.6666666666666666,0.0,0.6666666666666666,0.2]",0,4,1,1,0
"[0.19047619047619047,0.1736176935229068,0.6666666666666666,0.0,0.6666666666666666,0.0]",1,0,0,0,0
"[0.40476190476190477,0.2027382833070037,0.6666666666666666,0.0,0.6666666666666666,0.125]",1,0,1,0,0
"[0.38095238095238093,0.22790942601369144,1.0,0.0,0.6666666666666666,0.25]",1,0,0,0,0
"[0.19047619047619047,0.07008952080042127,1.0,0.0,0.0,0.025]",0,2,0,1,1
"[0.45238095238095233,0.3413375460768826,1.0,0.0,1.0,0.15000000000000002]",0,3,1,0,0
"[0.6666666666666666,0.5012111637704055,0.6666666666666666,0.0,0.3333333333333333,0.05]",0,4,1,0,0
"[0.5476190476190476,0.8207477619799896,0.0,0.0,0.6666666666666666,0.45]",1,5,1,0,0
"[0.45238095238095233,0.4120589784096893,0.3333333333333333,0.0,0.6666666666666666,0.225]",1,0,0,0,0
"[0.8095238095238095,0.24054765666140074,0.0,0.0,0.6666666666666666,0.25]",0,1,0,1,0
"[0.3333333333333333,0.19473407056345446,0.6666666666666666,0.0,0.6666666666666666,0.1]",1,0,0,0,1
"[0.14285714285714285,0.07324907846234861,1.0,0.0,0.6666666666666666,0.05]",1,6,0,0,0
"[0.47619047619047616,0.4641916798314903,0.6666666666666666,0.0,0.6666666666666666,0.025]",0,4,1,0,0
"[0.45238095238095233,0.28636124275934705,0.3333333333333333,0.0,0.3333333333333333,0.15000000000000002]",0,3,1,0,0
"[0.738095238095238,0.9738283307003687,0.6666666666666666,0.0,0.6666666666666666,0.775]",0,7,0,1,0
"[0.14285714285714285,0.09036334913112165,1.0,0.0,0.6666666666666666,0.15000000000000002]",0,1,0,1,0
"[0.19047619047619047,0.27714586624539234,0.3333333333333333,1.0,1.0,0.125]",1,0,0,0,0
"[0.14285714285714285,0.058873091100579256,0.3333333333333333,1.0,0.6666666666666666,0.025]",0,2,0,0,0
"[0.7619047619047619,0.9052659294365456,0.3333333333333333,0.0,0.6666666666666666,0.8]",2,5,0,0,0
"[0.16666666666666666,0.057240652975250134,0.6666666666666666,0.0,0.6666666666666666,0.17500000000000002]",1,6,0,0,0
"[0.14285714285714285,0.09884149552395999,0.6666666666666666,0.0,0.6666666666666666,0.15000000000000002]",0,2,1,1,1
"[0.2857142857142857,0.05392311743022644,0.0,0.0,1.0,0.025]",1,6,0,0,1
"[0.38095238095238093,0.13759873617693524,1.0,0.0,0.6666666666666666,0.15000000000000002]",0,1,0,1,0
"[0.30952380952380953,0.16977356503422855,0.0,0.0,0.0,0.07500000000000001]",1,0,0,0,1
"[0.40476190476190477,0.1407056345444971,1.0,0.0,0.6666666666666666,0.07500000000000001]",0,2,0,0,0
"[0.30952380952380953,0.23438651922064246,1.0,1.0,1.0,0.17500000000000002]",1,0,0,0,0
"[0.21428571428571427,0.06203264876250659,0.6666666666666666,0.0,0.3333333333333333,0.125]",0,1,1,0,0
"[0.45238095238095233,0.45250131648235914,0.6666666666666666,0.0,0.3333333333333333,0.07500000000000001]",1,0,0,1,0
"[0.047619047619047616,0.09620853080568721,0.3333333333333333,0.0,1.0,0.025]",0,1,1,0,0
"[0.5714285714285714,0.16219062664560296,1.0,0.0,0.6666666666666666,0.25]",0,4,1,0,0
"[0.5952380952380952,0.8224328593996841,1.0,0.0,0.3333333333333333,0.025]",0,7,0,1,0
"[0.47619047619047616,0.08478146392838336,0.0,0.0,0.3333333333333333,0.0]",0,1,1,0,0
"[0.5952380952380952,0.2459189046866772,0.6666666666666666,0.0,0.6666666666666666,0.2]",0,2,0,1,0
"[0.7142857142857142,0.7579252238020011,0.0,0.0,0.0,0.07500000000000001]",0,5,1,0,0
"[0.6190476190476191,0.2620326487625066,0.6666666666666666,0.0,1.0,0.05]",2,8,1,0,0
"[0.38095238095238093,0.08267509215376515,0.6666666666666666,0.0,0.6666666666666666,0.2]",1,6,1,1,0
"[0.21428571428571427,0.10700368615060558,0.0,0.0,0.6666666666666666,0.1]",1,6,0,0,1
"[0.07142857142857142,0.12838335966298053,0.6666666666666666,0.0,0.6666666666666666,0.07500000000000001]",1,6,0,0,0
"[0.6190476190476191,0.9744075829383887,1.0,0.0,1.0,0.05]",0,5,0,1,0
"[0.09523809523809523,0.09289099526066351,0.6666666666666666,1.0,0.6666666666666666,0.05]",0,1,0,0,0
"[0.3571428571428571,0.3209583991574513,0.6666666666666666,0.0,0.6666666666666666,0.125]",1,0,0,0,0
"[0.3333333333333333,0.2797788309636651,1.0,0.0,0.3333333333333333,0.15000000000000002]",0,1,1,1,0
"[0.2857142857142857,0.056556082148499214,0.6666666666666666,1.0,0.6666666666666666,0.025]",0,1,1,0,0
"[0.8333333333333333,0.388204318062138,0.0,1.0,1.0,0.35000000000000003]",1,0,1,0,0
"[0.38095238095238093,0.08857293312269617,1.0,0.0,0.3333333333333333,0.25]",0,1,0,0,0
"[0.6428571428571428,0.1725645076355977,0.0,0.0,0.6666666666666666,0.025]",1,0,1,0,1
"[0.19047619047619047,0.08688783570300158,1.0,0.0,0.6666666666666666,0.07500000000000001]",0,2,1,1,0
"[0.45238095238095233,0.4436545550289626,0.6666666666666666,0.0,0.6666666666666666,0.25]",0,3,0,0,0
"[0.26190476190476186,0.23970510795155345,0.6666666666666666,0.0,0.3333333333333333,0.15000000000000002]",1,0,1,0,0
"[0.40476190476190477,0.29684044233807266,1.0,0.0,0.6666666666666666,0.42500000000000004]",0,1,0,0,0
"[0.3571428571428571,0.35365982095839915,1.0,1.0,0.0,0.325]",0,4,0,0,0
"[0.8571428571428571,0.5116377040547657,0.3333333333333333,0.0,1.0,0.225]",2,8,0,0,0
"[0.42857142857142855,0.41274354923644024,0.3333333333333333,0.0,0.6666666666666666,0.07500000000000001]",0,3,0,1,0
"[0.21428571428571427,0.054555028962611905,1.0,0.0,0.6666666666666666,0.1]",0,1,0,0,0
"[0.047619047619047616,0.0,0.6666666666666666,0.0,0.6666666666666666,0.025]",0,1,0,1,1
"[0.3571428571428571,0.12317008952080043,0.0,0.0,0.6666666666666666,0.25]",0,1,0,1,1
"[0.40476190476190477,0.014323328067403898,0.6666666666666666,0.0,0.6666666666666666,0.025]",0,2,0,0,0
"[0.11904761904761904,0.09531332280147446,0.0,0.0,1.0,0.07500000000000001]",0,1,0,0,0
"[0.16666666666666666,0.20231700895208005,0.3333333333333333,1.0,0.6666666666666666,0.07500000000000001]",1,0,0,0,0
"[0.47619047619047616,0.15897840968931018,1.0,1.0,0.6666666666666666,0.17500000000000002]",1,0,1,0,0
"[0.26190476190476186,0.09010005265929437,1.0,0.0,0.6666666666666666,0.25]",0,1,0,0,0
"[0.7142857142857142,0.3744602422327541,0.3333333333333333,0.0,0.6666666666666666,0.05]",1,0,0,0,0
"[0.21428571428571427,0.19157451290152713,1.0,1.0,0.6666666666666666,0.15000000000000002]",1,0,1,1,0
"[0.45238095238095233,0.19331226961558717,1.0,0.0,0.6666666666666666,0.025]",0,1,0,0,0
"[0.7619047619047619,0.11648235913638758,0.6666666666666666,0.0,0.6666666666666666,0.5]",0,2,0,1,0
"[0.38095238095238093,0.4008425487098473,0.3333333333333333,0.0,1.0,0.2]",0,4,1,0,0
"[0.14285714285714285,0.18788836229594524,0.6666666666666666,0.0,0.6666666666666666,0.05]",1,0,1,0,1
"[0.5,0.1866245392311743,0.6666666666666666,0.0,0.6666666666666666,0.5]",0,4,1,0,0
"[0.3333333333333333,0.2310163243812533,1.0,0.0,0.3333333333333333,0.25]",1,0,0,0,0
"[0.7619047619047619,0.30473933649289103,0.6666666666666666,0.0,0.6666666666666666,0.1]",1,0,0,1,1
"[0.47619047619047616,0.3483938915218536,1.0,0.0,0.3333333333333333,0.225]",0,4,1,0,0
"[0.21428571428571427,0.3371774618220116,0.0,0.0,0.6666666666666666,0.225]",0,3,1,0,0
"[0.3333333333333333,0.5344918378093734,1.0,0.0,0.6666666666666666,0.17500000000000002]",0,7,1,0,0
"[0.6904761904761905,0.2080568720379147,0.0,0.0,0.6666666666666666,0.17500000000000002]",1,0,0,0,0
"[0.5238095238095237,0.4984728804634018,0.0,1.0,0.6666666666666666,0.45]",1,0,0,1,0
"[0.8333333333333333,0.7269615587151133,0.6666666666666666,0.0,0.6666666666666666,0.125]",0,7,0,0,0
"[0.5476190476190476,0.9548183254344392,1.0,0.0,0.3333333333333333,0.525]",2,5,0,0,0
"[1.0,0.2314902580305424,0.0,0.0,0.6666666666666666,0.05]",1,0,0,0,0
"[0.21428571428571427,0.4098999473407057,0.0,1.0,0.3333333333333333,0.225]",0,3,0,0,0
"[0.5476190476190476,0.957345971563981,0.6666666666666666,0.0,0.6666666666666666,0.55]",2,5,0,0,0
"[0.7619047619047619,0.1509215376513955,0.3333333333333333,0.0,0.6666666666666666,0.05]",1,6,0,0,0
"[0.23809523809523808,0.0635597682991048,0.3333333333333333,0.0,0.6666666666666666,0.17500000000000002]",0,1,1,1,1
"[0.42857142857142855,0.5636650868878357,0.0,0.0,0.6666666666666666,0.2]",0,7,1,0,0
"[0.47619047619047616,0.36082148499210115,0.6666666666666666,0.0,1.0,0.025]",0,3,1,1,0
"[0.6190476190476191,0.1421274354923644,0.6666666666666666,0.0,0.6666666666666666,0.125]",0,2,0,0,0
"[0.6904761904761905,0.6719852553975777,0.6666666666666666,0.0,0.3333333333333333,0.55]",1,0,1,1,0
"[0.2857142857142857,0.2261716692996314,1.0,1.0,0.3333333333333333,0.2]",1,0,0,0,0
"[0.26190476190476186,0.08599262769878883,0.6666666666666666,0.0,0.6666666666666666,0.025]",1,6,0,0,0
"[0.5714285714285714,0.09215376513954714,0.6666666666666666,0.0,0.6666666666666666,0.05]",0,1,0,1,1
"[0.5952380952380952,0.30516061084781465,1.0,0.0,0.6666666666666666,0.05]",1,0,0,0,0
"[0.38095238095238093,0.2703001579778831,0.6666666666666666,0.0,0.6666666666666666,0.125]",0,4,1,0,0
"[0.11904761904761904,0.07851500789889417,0.0,0.0,1.0,0.1]",0,2,0,0,0
"[0.5,0.28330700368615064,0.3333333333333333,0.0,0.0,0.2]",2,8,1,0,0
"[0.9047619047619047,0.5315429173249079,1.0,0.0,0.3333333333333333,0.25]",0,4,0,0,0
"[0.5238095238095237,0.07019483938915219,1.0,1.0,0.3333333333333333,0.1]",0,1,1,1,0
"[0.21428571428571427,0.30552922590837284,0.0,0.0,0.0,0.17500000000000002]",0,4,1,0,0
"[0.26190476190476186,0.0678251711427067,0.3333333333333333,0.0,0.6666666666666666,0.05]",1,6,0,0,0
"[0.8333333333333333,0.07588204318062139,1.0,0.0,0.6666666666666666,0.05]",0,2,0,0,0
"[0.40476190476190477,0.2150605581885203,0.0,0.0,1.0,0.025]",0,4,1,0,0
"[0.3333333333333333,0.22643496577145866,1.0,0.0,0.6666666666666666,0.25]",0,2,0,0,0
"[0.47619047619047616,0.10784623486045287,0.6666666666666666,0.0,0.0,0.025]",0,1,0,1,0
"[0.38095238095238093,0.21653501843075304,0.0,0.0,0.6666666666666666,0.0]",0,3,1,0,0
"[0.8095238095238095,0.8344918378093734,0.0,0.0,1.0,0.8500000000000001]",1,5,0,0,0
"[0.3571428571428571,0.08830963665086888,1.0,0.0,0.3333333333333333,0.25]",0,1,0,1,1
"[0.16666666666666666,0.27230121116377043,1.0,1.0,0.3333333333333333,0.15000000000000002]",1,0,1,0,0
"[0.6428571428571428,0.2961032122169563,0.6666666666666666,0.0,0.6666666666666666,0.2]",1,6,0,0,0
"[0.11904761904761904,0.13143759873617694,0.6666666666666666,0.0,0.6666666666666666,0.05]",0,1,0,0,0
"[0.6904761904761905,0.28372827804107426,0.6666666666666666,0.0,0.6666666666666666,0.125]",1,0,1,1,1
"[0.38095238095238093,0.27725118483412325,1.0,1.0,0.6666666666666666,0.15000000000000002]",1,0,0,0,0
"[0.8809523809523809,0.9926276987888363,0.0,0.0,0.6666666666666666,0.125]",0,5,0,1,1
"[0.42857142857142855,0.3463928383359663,0.0,0.0,0.6666666666666666,0.25]",1,0,0,0,0
"[0.8095238095238095,0.17109004739336495,1.0,0.0,0.6666666666666666,0.1]",0,1,0,0,0
"[0.19047619047619047,0.17667193259610323,1.0,0.0,0.6666666666666666,0.05]",0,2,1,0,0
"[0.26190476190476186,0.17514481305950502,0.6666666666666666,0.0,0.3333333333333333,0.2]",0,4,1,0,0
"[0.19047619047619047,0.2273301737756714,0.0,0.0,0.3333333333333333,0.1]",1,0,0,0,1
"[0.38095238095238093,0.11958925750394946,1.0,0.0,0.6666666666666666,0.1]",0,1,1,0,0
"[0.8571428571428571,0.23570300157977883,0.0,0.0,0.6666666666666666,0.125]",0,3,1,1,0
"[0.21428571428571427,0.1755134281200632,1.0,0.0,0.6666666666666666,0.1]",1,0,0,0,0
"[0.45238095238095233,0.09336492890995261,0.0,0.0,0.3333333333333333,0.125]",0,1,1,1,0
"[0.47619047619047616,0.2617693522906793,0.0,0.0,0.6666666666666666,0.375]",0,3,1,1,0
"[0.38095238095238093,0.17756714060031598,0.0,0.0,0.6666666666666666,0.15000000000000002]",0,1,1,0,0
"[0.40476190476190477,0.08230647709320696,1.0,0.0,0.3333333333333333,0.07500000000000001]",1,6,1,0,0
"[0.2857142857142857,0.14870984728804634,0.6666666666666666,1.0,0.6666666666666666,0.05]",0,2,0,0,0
"[0.5238095238095237,0.17035281727224855,0.3333333333333333,1.0,0.6666666666666666,0.2]",0,4,1,0,0
"[0.38095238095238093,0.2891521853607162,0.0,0.0,0.6666666666666666,0.07500000000000001]",1,0,1,0,0
"[0.5714285714285714,0.9173775671406004,1.0,0.0,0.3333333333333333,0.6000000000000001]",0,5,0,0,0
"[0.11904761904761904,0.031174302264349658,0.0,1.0,0.6666666666666666,0.0]",0,2,0,1,1
"[0.14285714285714285,0.08873091100579253,0.3333333333333333,0.0,0.6666666666666666,0.025]",0,2,0,0,0
"[0.8095238095238095,0.11269088994207478,0.6666666666666666,1.0,0.6666666666666666,0.125]",0,2,1,0,0
"[0.7619047619047619,0.875724065297525,0.6666666666666666,0.0,0.6666666666666666,0.1]",0,7,0,0,0
"[0.26190476190476186,0.06898367561874671,0.0,0.0,0.6666666666666666,0.025]",0,2,1,1,1
"[0.3571428571428571,0.5625065824117957,0.6666666666666666,0.0,1.0,0.325]",0,7,0,0,0
"[0.3571428571428571,0.2272248551869405,0.0,0.0,0.6666666666666666,0.07500000000000001]",1,0,1,0,1
"[0.6904761904761905,0.829015271195366,1.0,0.0,0.3333333333333333,0.65]",0,5,1,1,0
"[0.42857142857142855,0.22216956292785678,0.3333333333333333,0.0,0.6666666666666666,0.225]",0,3,1,0,0
"[0.26190476190476186,0.08904686677198526,0.6666666666666666,1.0,0.6666666666666666,0.25]",0,1,0,0,0
"[0.9523809523809523,0.960347551342812,0.3333333333333333,0.0,0.6666666666666666,0.775]",0,7,0,1,1
"[0.40476190476190477,0.07883096366508689,0.6666666666666666,0.0,0.6666666666666666,0.05]",0,1,1,0,0
"[0.5714285714285714,0.2660874144286467,1.0,0.0,0.6666666666666666,0.1]",0,3,1,1,0
"[0.23809523809523808,0.1776197998946814,0.6666666666666666,0.0,0.3333333333333333,0.05]",0,1,0,0,1
"[0.42857142857142855,0.059715639810426546,0.3333333333333333,0.0,0.6666666666666666,0.125]",2,8,0,0,0
"[0.3333333333333333,0.2713533438651922,0.6666666666666666,0.0,0.6666666666666666,0.35000000000000003]",0,3,1,0,0
"[0.5238095238095237,0.21511321748288573,0.6666666666666666,0.0,0.6666666666666666,0.025]",0,2,0,0,0
"[0.2857142857142857,0.3090047393364929,1.0,1.0,0.3333333333333333,0.0]",0,3,1,1,0
"[0.6428571428571428,0.06661400737230122,0.6666666666666666,0.0,0.6666666666666666,0.025]",0,1,1,0,0
"[0.5714285714285714,0.18035808320168512,0.3333333333333333,0.0,0.3333333333333333,0.225]",0,3,0,0,0
"[0.47619047619047616,0.2779884149552396,0.0,0.0,0.3333333333333333,0.1]",0,4,0,0,0
"[0.38095238095238093,0.0813059505002633,1.0,0.0,0.6666666666666666,0.125]",0,1,1,0,0
"[0.738095238095238,0.34992101105845186,1.0,0.0,1.0,0.225]",1,0,1,0,1
"[0.8809523809523809,0.2185887309110058,1.0,0.0,0.3333333333333333,0.225]",1,0,0,0,1
"[0.5952380952380952,0.8504476040021064,0.0,1.0,0.6666666666666666,0.1]",0,7,0,0,0
"[0.21428571428571427,0.6213270142180095,1.0,0.0,0.6666666666666666,0.225]",0,7,0,1,0
"[0.40476190476190477,0.4850974196945761,0.6666666666666666,1.0,1.0,0.2]",0,3,0,0,0
"[0.23809523809523808,0.19852553975776727,0.3333333333333333,1.0,0.6666666666666666,0.2]",1,0,1,1,0
"[0.38095238095238093,0.14365455502896263,1.0,0.0,0.0,0.07500000000000001]",2,8,0,0,0
"[0.19047619047619047,0.07145866245392313,0.6666666666666666,0.0,0.6666666666666666,0.2]",0,1,1,1,1
"[0.21428571428571427,0.03670352817272249,1.0,0.0,0.3333333333333333,0.0]",0,1,0,0,0
"[0.7857142857142857,0.8055818852027383,0.6666666666666666,0.0,0.3333333333333333,0.5]",1,5,1,0,0
"[0.6190476190476191,0.2592943654555029,0.3333333333333333,0.0,0.3333333333333333,0.125]",0,4,0,0,0
"[0.16666666666666666,0.12717219589257506,0.0,0.0,0.3333333333333333,0.1]",0,1,0,0,0
"[0.3571428571428571,0.15945234333859926,0.0,1.0,0.6666666666666666,0.225]",1,0,0,0,0
"[0.40476190476190477,0.08162190626645603,0.0,0.0,0.3333333333333333,0.15000000000000002]",0,1,1,0,0
"[0.42857142857142855,0.273407056345445,1.0,0.0,0.3333333333333333,0.45]",1,0,0,1,0
"[0.3333333333333333,0.178725645076356,1.0,0.0,0.3333333333333333,0.125]",1,0,0,0,0
"[0.2857142857142857,0.14491837809373356,1.0,0.0,0.3333333333333333,0.125]",0,1,0,0,0
"[0.8333333333333333,0.5226434965771459,1.0,0.0,0.6666666666666666,0.125]",1,0,1,1,0
"[0.6428571428571428,0.5135334386519221,0.0,0.0,0.6666666666666666,0.125]",1,0,0,1,0
"[0.3333333333333333,0.21937862032648764,0.6666666666666666,0.0,0.3333333333333333,0.125]",0,1,1,0,0
"[0.8095238095238095,0.6749341758820432,1.0,1.0,0.6666666666666666,0.225]",0,3,1,0,0
"[0.45238095238095233,0.2804107424960506,0.6666666666666666,0.0,0.6666666666666666,0.025]",1,0,0,0,0
"[0.23809523809523808,0.20679304897314377,1.0,0.0,0.6666666666666666,0.125]",2,8,0,0,0
"[0.09523809523809523,0.19831490258030543,1.0,1.0,0.0,0.05]",0,3,0,0,0
"[0.6190476190476191,0.095260663507109,1.0,1.0,0.3333333333333333,0.07500000000000001]",0,2,0,1,0
"[0.5714285714285714,0.079304897314376,1.0,0.0,0.6666666666666666,0.05]",0,1,0,1,0
"[0.42857142857142855,0.07019483938915219,0.0,1.0,0.6666666666666666,0.125]",2,8,0,0,0
"[0.16666666666666666,0.16771985255397578,0.0,0.0,0.6666666666666666,0.125]",1,0,0,1,0
"[0.40476190476190477,0.5095313322801475,0.6666666666666666,1.0,0.6666666666666666,0.42500000000000004]",0,3,1,1,0
"[0.40476190476190477,0.05334386519220643,0.3333333333333333,0.0,0.3333333333333333,0.25]",0,1,1,1,1
"[0.3333333333333333,0.06872037914691943,1.0,0.0,0.6666666666666666,0.07500000000000001]",0,2,0,0,0
"[0.16666666666666666,0.17098472880463403,0.0,0.0,1.0,0.125]",1,0,0,0,0
"[0.738095238095238,0.1353870458135861,0.0,0.0,0.6666666666666666,0.1]",0,1,1,0,0
"[0.14285714285714285,0.11337546076882571,1.0,0.0,0.3333333333333333,0.125]",0,2,0,0,0
"[0.3333333333333333,0.2904160084254871,0.3333333333333333,0.0,0.6666666666666666,0.25]",1,0,0,0,0
"[0.47619047619047616,0.0995260663507109,0.3333333333333333,0.0,0.6666666666666666,0.05]",1,6,0,0,0
"[0.5714285714285714,0.22232754081095316,1.0,0.0,0.3333333333333333,0.125]",0,2,1,1,0
"[0.30952380952380953,0.07093206951026856,1.0,0.0,0.6666666666666666,0.15000000000000002]",0,1,0,1,0
"[0.26190476190476186,0.09431279620853081,0.6666666666666666,0.0,0.6666666666666666,0.07500000000000001]",1,6,1,1,1
"[0.8333333333333333,0.5701421800947868,1.0,0.0,0.6666666666666666,0.05]",1,0,0,0,0
"[0.40476190476190477,0.5210110584518167,0.3333333333333333,0.0,0.6666666666666666,0.325]",0,3,0,0,0
"[0.45238095238095233,0.10342285413375461,1.0,0.0,0.6666666666666666,0.125]",1,6,1,0,0
"[0.8333333333333333,0.6985781990521327,1.0,0.0,0.6666666666666666,0.30000000000000004]",0,7,1,0,0
"[0.5952380952380952,0.2397577672459189,1.0,0.0,0.3333333333333333,0.125]",0,4,1,0,0
"[0.6904761904761905,0.18578199052132702,1.0,1.0,0.6666666666666666,0.17500000000000002]",1,0,1,1,0
"[0.45238095238095233,0.34928909952606635,0.3333333333333333,0.0,0.6666666666666666,0.25]",1,0,0,1,0
"[0.7619047619047619,0.8907319641916799,0.0,0.0,0.6666666666666666,0.775]",0,5,0,0,0
"[0.5,0.22090573986308584,1.0,0.0,0.6666666666666666,0.125]",2,8,1,0,0
"[0.3571428571428571,0.06677198525539758,0.3333333333333333,0.0,1.0,0.1]",2,8,0,1,0
"[0.3333333333333333,0.09404949973670353,1.0,1.0,0.0,0.025]",0,2,0,1,1
"[0.26190476190476186,0.08020010531858873,1.0,0.0,0.6666666666666666,0.1]",0,2,1,0,0
"[0.6190476190476191,0.08162190626645603,0.0,0.0,0.6666666666666666,0.2]",0,1,0,1,0
"[0.23809523809523808,0.20531858873091102,1.0,0.0,0.6666666666666666,0.1]",1,0,0,0,0
"[0.9523809523809523,0.0721958925750395,1.0,0.0,0.3333333333333333,0.025]",0,2,0,1,1
"[0.5952380952380952,0.19778830963665087,0.3333333333333333,1.0,1.0,0.025]",0,3,1,0,0
"[0.047619047619047616,0.054502369668246446,0.6666666666666666,0.0,0.3333333333333333,0.05]",1,6,1,0,1
"[0.07142857142857142,0.08867825171142707,1.0,0.0,0.3333333333333333,0.025]",0,1,1,0,1
"[0.42857142857142855,0.29368088467614534,1.0,0.0,0.3333333333333333,0.4]",0,4,0,1,0
"[0.6904761904761905,0.12032648762506583,1.0,0.0,0.3333333333333333,0.07500000000000001]",1,6,1,1,0
"[0.09523809523809523,0.1665086887835703,0.6666666666666666,0.0,1.0,0.07500000000000001]",0,3,1,1,1
"[0.5476190476190476,0.09315429173249079,1.0,0.0,0.3333333333333333,0.17500000000000002]",0,2,1,1,1
"[0.23809523809523808,0.07203791469194314,0.6666666666666666,0.0,0.6666666666666666,0.05]",0,1,1,0,0
"[0.5,0.07345971563981044,0.0,1.0,0.0,0.05]",0,2,0,1,1
"[0.21428571428571427,0.06893101632438126,0.6666666666666666,0.0,0.6666666666666666,0.025]",0,1,1,0,0
"[0.38095238095238093,0.05260663507109005,0.3333333333333333,0.0,0.6666666666666666,0.025]",0,2,0,0,0
"[0.5714285714285714,0.2756714060031596,0.6666666666666666,0.0,0.6666666666666666,0.125]",1,0,1,0,0
"[0.3571428571428571,0.09426013691416535,0.0,0.0,0.6666666666666666,0.07500000000000001]",0,1,0,1,0
"[0.9523809523809523,0.5025276461295419,0.3333333333333333,0.0,0.6666666666666666,0.15000000000000002]",0,4,1,1,0
"[0.30952380952380953,0.06951026856240126,0.6666666666666666,0.0,1.0,0.17500000000000002]",1,6,0,0,0
"[0.40476190476190477,0.1582411795681938,1.0,1.0,0.0,0.25]",0,4,1,1,0
"[0.738095238095238,0.3367035281727225,0.3333333333333333,0.0,0.3333333333333333,0.65]",0,2,1,0,0
"[0.7142857142857142,0.06582411795681938,0.6666666666666666,0.0,0.3333333333333333,0.0]",0,1,0,0,0
"[0.30952380952380953,0.311901000526593,0.6666666666666666,0.0,0.3333333333333333,0.225]",1,0,1,0,0
"[0.42857142857142855,0.19320695102685626,1.0,0.0,0.6666666666666666,0.15000000000000002]",0,1,0,0,0
"[0.47619047619047616,0.662085308056872,0.0,0.0,0.6666666666666666,0.375]",0,7,1,0,0
"[0.3333333333333333,0.06966824644549763,0.3333333333333333,1.0,0.6666666666666666,0.07500000000000001]",0,2,1,0,0
"[0.16666666666666666,0.07393364928909953,0.3333333333333333,0.0,0.6666666666666666,0.025]",1,6,0,1,1
"[0.5238095238095237,0.45792522380200107,0.3333333333333333,0.0,0.3333333333333333,0.025]",1,0,0,0,0
"[0.19047619047619047,0.17298578199052134,0.0,0.0,0.6666666666666666,0.17500000000000002]",1,0,0,0,0
"[0.5476190476190476,0.19547130068457083,0.0,0.0,0.6666666666666666,0.45]",0,2,0,1,0
"[0.42857142857142855,0.07951553449183782,0.6666666666666666,1.0,0.6666666666666666,0.275]",0,2,0,0,0
"[0.023809523809523808,0.05855713533438652,0.3333333333333333,0.0,1.0,0.025]",1,6,0,1,1
"[0.047619047619047616,0.10342285413375461,0.0,0.0,0.6666666666666666,0.025]",0,2,0,0,1
"[0.30952380952380953,0.2551869404949974,1.0,0.0,0.0,0.225]",0,4,1,1,0
"[0.5238095238095237,0.13733543970510795,0.3333333333333333,0.0,0.6666666666666666,0.025]",0,1,0,1,0
"[0.3333333333333333,0.3010005265929437,0.0,0.0,1.0,0.2]",0,3,1,0,0
"[0.42857142857142855,0.4905739863085835,1.0,0.0,0.6666666666666666,0.4]",1,0,0,1,1
"[0.3571428571428571,0.3127962085308057,1.0,0.0,0.6666666666666666,0.125]",0,4,1,0,0
"[0.45238095238095233,0.5055292259083729,0.6666666666666666,0.0,0.0,0.35000000000000003]",1,0,0,0,1
"[0.6428571428571428,0.18104265402843603,0.3333333333333333,0.0,0.3333333333333333,0.225]",0,2,0,0,0
"[0.26190476190476186,0.06045286993154292,1.0,0.0,0.6666666666666666,0.07500000000000001]",1,6,1,0,0
"[0.40476190476190477,0.18915218536071618,0.6666666666666666,0.0,0.6666666666666666,0.125]",1,0,1,0,0
"[0.8095238095238095,0.8472880463401791,1.0,0.0,0.3333333333333333,0.225]",0,5,0,0,0
"[0.9523809523809523,0.07740916271721959,0.6666666666666666,1.0,0.6666666666666666,0.025]",0,1,0,0,1
"[0.8333333333333333,0.7289626119010005,0.6666666666666666,0.0,1.0,0.42500000000000004]",1,5,0,0,0
"[0.2857142857142857,0.3293838862559242,0.6666666666666666,0.0,1.0,0.2]",1,0,0,0,0
"[0.47619047619047616,0.2452343338599263,1.0,0.0,0.6666666666666666,0.125]",1,0,1,1,0
"[0.40476190476190477,0.3588204318062138,1.0,0.0,0.6666666666666666,0.25]",1,0,0,0,0
"[0.5,0.3618220115850448,0.6666666666666666,0.0,0.6666666666666666,0.2]",1,0,0,0,0
"[0.5238095238095237,0.6416535018430753,0.3333333333333333,0.0,0.3333333333333333,0.025]",1,0,1,1,1
"[0.6904761904761905,0.21369141653501844,0.6666666666666666,0.0,1.0,0.47500000000000003]",0,3,0,1,0
"[0.42857142857142855,0.2143233280674039,1.0,0.0,0.6666666666666666,0.17500000000000002]",1,0,0,0,0
"[0.30952380952380953,0.06908899420747762,0.0,1.0,0.6666666666666666,0.07500000000000001]",0,1,0,1,1
"[0.3571428571428571,0.8654555028962613,0.6666666666666666,0.0,0.6666666666666666,0.25]",1,5,0,0,0
"[0.26190476190476186,0.07345971563981044,0.0,1.0,0.6666666666666666,0.0]",0,1,1,1,1
"[0.3571428571428571,0.1286466561348078,1.0,0.0,0.6666666666666666,0.07500000000000001]",0,1,1,0,0
"[0.6428571428571428,0.0664033701948394,1.0,0.0,0.6666666666666666,0.125]",0,2,1,0,0
"[0.7619047619047619,0.8630858346498157,1.0,1.0,0.3333333333333333,0.125]",0,7,0,0,0
"[0.3571428571428571,0.2358609794628752,0.3333333333333333,0.0,0.6666666666666666,0.15000000000000002]",0,4,1,1,0
"[0.5476190476190476,0.9694576092680358,0.6666666666666666,0.0,1.0,0.45]",0,7,0,0,0
"[0.21428571428571427,0.09489204844655082,0.3333333333333333,0.0,0.6666666666666666,0.05]",0,2,1,0,0
"[0.6428571428571428,0.13817798841495524,0.0,0.0,0.6666666666666666,0.225]",0,2,0,1,0
"[0.6904761904761905,0.16608741442864666,1.0,0.0,0.6666666666666666,0.225]",1,0,1,1,0
"[0.2857142857142857,0.05913638757240653,0.6666666666666666,0.0,0.6666666666666666,0.125]",0,1,1,1,1
"[0.7619047619047619,0.6826750921537652,0.6666666666666666,0.0,0.6666666666666666,0.30000000000000004]",0,3,0,1,0
"[0.47619047619047616,0.08820431806213797,0.6666666666666666,0.0,0.3333333333333333,0.05]",0,1,0,0,0
"[0.6666666666666666,0.5179568193786204,0.6666666666666666,0.0,0.6666666666666666,0.2]",0,3,0,0,0
"[0.14285714285714285,0.17735650342285414,0.6666666666666666,0.0,0.6666666666666666,0.1]",0,3,1,0,0
"[0.40476190476190477,0.14397051079515535,0.3333333333333333,1.0,0.0,0.1]",0,2,0,1,1
"[0.30952380952380953,0.16529752501316483,0.0,0.0,0.6666666666666666,0.1]",0,3,1,0,0
"[0.0,0.0022116903633491313,1.0,0.0,0.6666666666666666,0.0]",0,1,0,0,0
"[0.8571428571428571,0.5123749341758821,0.6666666666666666,0.0,0.6666666666666666,0.25]",0,3,1,0,0
"[0.40476190476190477,0.4938915218536072,0.6666666666666666,0.0,0.3333333333333333,0.4]",0,4,1,1,0
"[0.2857142857142857,0.5480252764612954,0.0,0.0,0.3333333333333333,0.2]",0,7,1,1,0
"[0.047619047619047616,0.0837809373354397,0.0,0.0,0.6666666666666666,0.025]",0,1,1,1,1
"[0.2857142857142857,0.07440758293838863,0.3333333333333333,0.0,0.6666666666666666,0.07500000000000001]",0,2,1,0,1
"[0.19047619047619047,0.23501843075302792,1.0,0.0,0.6666666666666666,0.2]",0,3,0,0,0
"[0.09523809523809523,0.07593470247498683,0.0,0.0,0.3333333333333333,0.1]",0,2,0,0,0
"[0.7142857142857142,0.17014218009478674,0.6666666666666666,0.0,0.6666666666666666,0.05]",0,4,0,0,0
"[0.7142857142857142,0.5260663507109005,0.6666666666666666,0.0,0.6666666666666666,0.375]",0,4,0,0,0
"[0.5476190476190476,0.21032122169562928,0.6666666666666666,0.0,0.6666666666666666,0.05]",0,3,1,0,0
"[0.5,0.6178515007898895,1.0,0.0,0.6666666666666666,0.525]",0,3,1,0,0
"[0.21428571428571427,0.16945760926803582,1.0,0.0,0.6666666666666666,0.07500000000000001]",0,3,1,0,0
"[0.40476190476190477,0.1531332280147446,1.0,1.0,0.3333333333333333,0.07500000000000001]",0,2,0,0,0
"[0.5714285714285714,0.9106898367561875,0.6666666666666666,0.0,1.0,0.025]",1,5,0,0,0
"[0.7619047619047619,0.0721958925750395,1.0,0.0,0.6666666666666666,0.025]",0,2,0,0,0
"[0.9761904761904762,0.6696682464454976,1.0,0.0,0.6666666666666666,0.125]",0,3,1,1,0
"[0.45238095238095233,0.19842022116903635,0.3333333333333333,0.0,0.0,0.025]",0,4,1,0,1
"[0.8809523809523809,0.2830963665086888,0.3333333333333333,0.0,0.6666666666666666,0.2]",0,4,0,1,0
"[0.5476190476190476,0.9986308583464982,0.6666666666666666,1.0,0.6666666666666666,0.525]",0,7,1,0,0
"[0.47619047619047616,0.3081621906266456,1.0,0.0,0.6666666666666666,0.025]",1,0,0,1,0
"[0.19047619047619047,0.2085308056872038,0.0,0.0,0.6666666666666666,0.05]",1,0,0,0,1
"[0.8095238095238095,0.9918904686677199,1.0,0.0,0.6666666666666666,0.8]",1,5,1,0,1
"[0.6190476190476191,0.6482885729331227,1.0,0.0,0.6666666666666666,0.30000000000000004]",1,0,1,1,0
"[0.7619047619047619,0.28109531332280147,0.6666666666666666,0.0,0.6666666666666666,0.45]",1,0,1,0,0
"[0.42857142857142855,0.09131121642969985,0.0,0.0,0.6666666666666666,0.42500000000000004]",0,2,1,0,1
"[0.5,0.5197998946814113,0.0,0.0,0.6666666666666666,0.525]",0,3,1,1,0
"[0.3571428571428571,0.07019483938915219,1.0,0.0,0.3333333333333333,0.05]",1,6,1,0,0
"[0.6428571428571428,0.876303317535545,1.0,0.0,1.0,0.225]",1,5,1,0,0
"[0.3333333333333333,0.1588204318062138,0.6666666666666666,0.0,0.6666666666666666,0.2]",0,2,1,0,0
"[0.38095238095238093,0.4589784096893102,1.0,0.0,0.3333333333333333,0.375]",1,0,0,0,0
"[0.9761904761904762,0.5737230121116377,1.0,0.0,0.0,0.15000000000000002]",1,5,0,1,0
"[0.6428571428571428,0.06150605581885203,0.3333333333333333,0.0,0.6666666666666666,0.15000000000000002]",2,8,0,0,0
"[0.8333333333333333,0.34312796208530805,0.3333333333333333,0.0,0.6666666666666666,0.375]",1,0,1,0,0
"[0.42857142857142855,0.2014218009478673,0.6666666666666666,0.0,0.3333333333333333,0.025]",0,2,0,0,1
"[0.19047619047619047,0.054397051079515535,0.0,0.0,0.6666666666666666,0.07500000000000001]",0,1,0,1,1
"[0.38095238095238093,0.06377040547656662,0.6666666666666666,0.0,0.6666666666666666,0.025]",1,6,1,1,0
"[0.23809523809523808,0.002264349657714587,0.3333333333333333,1.0,0.6666666666666666,0.025]",1,6,0,0,0
"[0.47619047619047616,0.09541864139020538,0.6666666666666666,0.0,0.6666666666666666,0.05]",0,1,0,0,0
"[0.7619047619047619,0.959873617693523,0.6666666666666666,0.0,0.3333333333333333,0.2]",0,7,0,1,0
"[0.45238095238095233,0.16313849394418115,0.3333333333333333,0.0,0.3333333333333333,0.1]",0,4,1,0,0
"[0.5238095238095237,0.3889942074776198,0.0,0.0,0.3333333333333333,0.17500000000000002]",1,0,0,0,0
"[0.19047619047619047,0.0525539757767246,0.6666666666666666,0.0,0.6666666666666666,0.125]",0,1,1,0,0
"[0.6666666666666666,0.9804107424960506,1.0,0.0,0.6666666666666666,0.05]",0,7,0,0,0
"[0.8571428571428571,0.509583991574513,0.6666666666666666,0.0,0.6666666666666666,0.225]",1,0,1,0,0
"[0.9047619047619047,0.10179041600842549,0.6666666666666666,0.0,0.6666666666666666,0.125]",0,1,1,0,0
"[0.42857142857142855,0.41332280147446027,1.0,0.0,0.3333333333333333,0.35000000000000003]",0,3,1,0,0
"[0.8809523809523809,0.8292259083728278,0.0,0.0,1.0,0.225]",0,5,0,0,0
"[0.5952380952380952,0.5154818325434439,1.0,0.0,0.6666666666666666,0.025]",1,0,0,0,0
"[0.047619047619047616,0.06919431279620854,1.0,0.0,0.6666666666666666,0.05]",1,6,1,1,1
"[0.07142857142857142,0.02143233280674039,0.0,0.0,0.3333333333333333,0.025]",0,2,1,0,1
"[0.6666666666666666,0.18988941548183255,0.0,1.0,0.6666666666666666,0.4]",0,1,1,1,0
"[0.7857142857142857,0.0764612954186414,0.6666666666666666,0.0,1.0,0.25]",0,1,0,1,1
"[0.23809523809523808,0.4061611374407583,0.0,0.0,0.3333333333333333,0.25]",0,4,0,0,1
"[0.19047619047619047,0.1551342812006319,0.0,0.0,0.6666666666666666,0.125]",0,2,0,0,0
"[0.2857142857142857,0.4711953659820959,0.0,0.0,0.3333333333333333,0.15000000000000002]",0,3,0,0,0
"[0.5476190476190476,0.12464454976303319,0.6666666666666666,0.0,0.6666666666666666,0.25]",0,1,1,0,0
"[0.47619047619047616,0.41147972617166934,0.6666666666666666,0.0,0.3333333333333333,0.47500000000000003]",0,4,1,0,0
"[0.5238095238095237,0.4904160084254871,1.0,1.0,0.6666666666666666,0.275]",0,4,0,0,0
"[0.21428571428571427,0.19020537124802528,0.6666666666666666,0.0,0.6666666666666666,0.07500000000000001]",0,2,0,0,0
"[0.8809523809523809,0.524855186940495,0.3333333333333333,0.0,0.6666666666666666,0.07500000000000001]",0,3,0,0,0
"[0.23809523809523808,0.13959978936282255,0.6666666666666666,0.0,1.0,0.2]",0,1,1,0,0
"[0.6190476190476191,0.49884149552396,0.0,0.0,0.6666666666666666,0.5]",2,8,0,0,1
"[0.3571428571428571,0.32174828857293314,1.0,0.0,0.6666666666666666,0.07500000000000001]",0,4,0,0,0
"[0.40476190476190477,0.45144813059505007,0.0,1.0,0.6666666666666666,0.2]",1,0,0,1,1
"[0.3571428571428571,0.1842548709847288,0.6666666666666666,1.0,0.6666666666666666,0.325]",0,1,1,0,1
"[0.23809523809523808,0.0630858346498157,0.6666666666666666,0.0,0.3333333333333333,0.1]",0,2,0,0,0
"[0.38095238095238093,0.3552922590837283,1.0,0.0,0.3333333333333333,0.15000000000000002]",0,4,0,0,0
"[0.45238095238095233,0.29936808846761453,1.0,0.0,0.6666666666666666,0.025]",1,0,1,1,0
"[0.16666666666666666,0.14123222748815167,1.0,0.0,1.0,0.17500000000000002]",0,2,0,1,1
"[0.19047619047619047,0.07203791469194314,0.6666666666666666,1.0,0.3333333333333333,0.025]",0,2,0,0,1
"[0.3571428571428571,0.06866771985255397,0.3333333333333333,1.0,0.6666666666666666,0.05]",0,1,0,1,1
"[0.5714285714285714,0.8770932069510269,0.0,0.0,0.6666666666666666,0.55]",0,5,0,0,0
"[0.23809523809523808,0.08357030015797788,0.3333333333333333,0.0,0.6666666666666666,0.025]",0,2,0,0,1
"[0.7619047619047619,0.19583991574512902,0.6666666666666666,0.0,0.6666666666666666,0.0]",1,0,0,1,1
"[0.3571428571428571,0.17340705634544498,0.3333333333333333,0.0,0.6666666666666666,0.07500000000000001]",1,0,1,0,0
"[0.38095238095238093,0.10373880989994734,1.0,0.0,0.6666666666666666,0.0]",0,1,0,0,0
"[0.7142857142857142,0.8360189573459716,1.0,1.0,0.3333333333333333,0.125]",0,5,0,0,0
"[0.6428571428571428,0.24139020537124803,0.6666666666666666,0.0,0.6666666666666666,0.375]",1,0,1,0,0
"[0.8095238095238095,0.49689310163243816,0.3333333333333333,0.0,0.6666666666666666,0.2]",0,4,0,0,0
"[0.47619047619047616,0.40710900473933653,0.6666666666666666,0.0,0.6666666666666666,0.2]",1,0,0,1,0
"[0.26190476190476186,0.07925223802001054,1.0,1.0,0.6666666666666666,0.17500000000000002]",0,1,1,0,0
"[0.23809523809523808,0.3499736703528173,0.3333333333333333,0.0,0.3333333333333333,0.225]",0,3,1,0,0
"[0.6666666666666666,0.8665613480779358,0.6666666666666666,0.0,0.6666666666666666,0.30000000000000004]",1,5,0,0,0
"[0.47619047619047616,0.3339652448657188,0.3333333333333333,0.0,0.6666666666666666,0.025]",1,0,0,0,0
"[0.5952380952380952,0.516640337019484,0.0,0.0,0.6666666666666666,0.2]",0,3,1,0,0
"[0.5,0.5876777251184835,1.0,0.0,0.6666666666666666,0.45]",0,4,0,0,1
"[0.5238095238095237,0.9803580832016852,0.6666666666666666,0.0,1.0,0.5]",0,7,0,0,0
"[0.07142857142857142,0.05587151132174829,0.3333333333333333,0.0,1.0,0.05]",0,1,1,1,0
"[0.5,0.3040021063717746,0.3333333333333333,0.0,0.3333333333333333,0.125]",0,2,0,0,0
"[0.42857142857142855,0.3565034228541338,1.0,1.0,0.6666666666666666,0.275]",0,3,0,0,0
"[0.30952380952380953,0.0938388625592417,1.0,0.0,0.6666666666666666,0.05]",1,6,0,0,0
"[0.23809523809523808,0.11542917324907846,0.3333333333333333,0.0,0.0,0.125]",0,1,0,0,0
"[0.40476190476190477,0.20847814639283835,1.0,0.0,0.6666666666666666,0.125]",1,0,0,0,0
"[0.738095238095238,0.6377567140600316,0.3333333333333333,0.0,0.6666666666666666,0.225]",1,0,0,0,0
"[0.38095238095238093,0.15924170616113745,0.6666666666666666,0.0,0.3333333333333333,0.07500000000000001]",0,3,0,0,0
"[0.26190476190476186,0.12016850974196946,0.3333333333333333,0.0,0.3333333333333333,0.17500000000000002]",0,1,1,0,0
"[0.5714285714285714,0.17182727751448132,1.0,0.0,0.6666666666666666,0.025]",0,2,0,0,0
"[0.26190476190476186,0.21311216429699842,1.0,0.0,0.3333333333333333,0.25]",0,3,0,1,0
"[0.47619047619047616,0.09662980516061086,0.6666666666666666,0.0,1.0,0.17500000000000002]",2,8,0,0,0
"[0.23809523809523808,0.08920484465508162,0.6666666666666666,0.0,0.6666666666666666,0.07500000000000001]",0,1,0,1,0
"[0.0,0.047130068457082674,0.6666666666666666,0.0,0.6666666666666666,0.0]",0,2,0,0,1
"[0.3571428571428571,0.37993680884676145,0.0,0.0,0.6666666666666666,0.125]",1,0,1,1,1
"[0.5476190476190476,0.19784096893101633,1.0,0.0,0.6666666666666666,0.025]",0,2,0,1,0
"[0.30952380952380953,0.08430753027909427,0.6666666666666666,0.0,0.3333333333333333,0.05]",0,2,0,0,1
"[0.45238095238095233,0.2486571879936809,1.0,0.0,0.6666666666666666,0.15000000000000002]",0,4,1,0,0
"[0.21428571428571427,0.08056872037914692,0.6666666666666666,0.0,0.6666666666666666,0.1]",0,1,0,0,0
"[0.38095238095238093,0.24776197998946814,0.6666666666666666,1.0,0.3333333333333333,0.15000000000000002]",1,0,1,0,0
"[0.40476190476190477,0.17451290152711954,0.6666666666666666,0.0,0.0,0.125]",2,8,0,0,0
"[0.26190476190476186,0.33317535545023697,0.0,0.0,0.0,0.275]",1,0,1,0,1
"[0.5238095238095237,0.6577145866245393,0.6666666666666666,0.0,0.3333333333333333,0.45]",0,7,1,0,0
"[0.5714285714285714,0.6713533438651922,0.0,0.0,0.3333333333333333,0.525]",1,0,0,1,1
"[0.5714285714285714,0.2183254344391785,0.0,0.0,1.0,0.15000000000000002]",1,0,0,0,0
"[0.40476190476190477,0.06577145866245393,0.6666666666666666,0.0,0.6666666666666666,0.2]",0,2,0,0,0
"[0.14285714285714285,0.13628225381779885,0.3333333333333333,1.0,0.6666666666666666,0.1]",0,2,0,0,0
"[0.23809523809523808,0.079304897314376,1.0,0.0,0.3333333333333333,0.025]",0,2,1,1,1
"[0.19047619047619047,0.17962085308056872,1.0,1.0,0.6666666666666666,0.2]",0,2,0,0,0
"[0.2857142857142857,0.2932596103212217,0.6666666666666666,0.0,0.6666666666666666,0.25]",1,0,0,0,0
"[0.5238095238095237,0.17972617166929963,1.0,0.0,0.0,0.025]",0,1,1,1,0
"[0.40476190476190477,0.48788836229594523,0.3333333333333333,0.0,1.0,0.17500000000000002]",0,3,0,0,0
"[0.38095238095238093,0.22822538177988416,0.0,1.0,0.6666666666666666,0.325]",0,4,0,0,0
"[0.40476190476190477,0.07198525539757768,1.0,0.0,1.0,0.05]",0,2,0,0,0
"[0.5952380952380952,0.22838335966298054,0.6666666666666666,0.0,0.3333333333333333,0.1]",1,0,1,0,1
"[0.3333333333333333,0.09573459715639811,0.0,0.0,0.6666666666666666,0.025]",1,6,1,0,0
"[0.9047619047619047,0.9970510795155345,0.0,0.0,0.6666666666666666,0.125]",0,5,1,0,0
"[0.26190476190476186,0.11174302264349659,1.0,0.0,0.6666666666666666,0.25]",0,2,1,0,0
"[0.023809523809523808,0.08125329120589785,0.0,1.0,0.6666666666666666,0.025]",0,1,0,0,0
"[0.6428571428571428,0.1826224328593997,0.6666666666666666,0.0,0.3333333333333333,0.07500000000000001]",0,1,1,1,0
"[0.45238095238095233,0.28778304370721436,1.0,0.0,0.3333333333333333,0.35000000000000003]",0,3,1,0,0
"[0.047619047619047616,0.10658241179568194,0.6666666666666666,0.0,0.3333333333333333,0.05]",0,2,0,0,0
"[0.6190476190476191,0.10147446024223276,0.6666666666666666,0.0,0.6666666666666666,0.15000000000000002]",0,1,0,1,1
"[0.8333333333333333,0.9266456029489205,0.6666666666666666,0.0,0.6666666666666666,0.17500000000000002]",0,5,1,0,0
"[0.26190476190476186,0.06103212216956293,1.0,0.0,0.3333333333333333,0.125]",0,1,1,1,0
"[0.09523809523809523,0.09710373880989995,1.0,0.0,0.6666666666666666,0.0]",0,1,0,1,1
"[0.6666666666666666,0.8446024223275409,0.0,1.0,0.6666666666666666,0.65]",1,5,1,0,0
"[0.6190476190476191,0.0674565560821485,0.6666666666666666,0.0,0.6666666666666666,0.0]",0,1,0,0,0
"[0.3571428571428571,0.13644023170089523,0.6666666666666666,0.0,0.6666666666666666,0.125]",2,8,0,0,0
"[0.5476190476190476,0.05781990521327014,0.0,0.0,0.0,0.025]",0,1,0,0,1
"[0.2857142857142857,0.1635597682991048,0.0,0.0,0.6666666666666666,0.1]",1,0,0,0,0
"[0.5238095238095237,0.17472353870458138,0.3333333333333333,0.0,0.6666666666666666,0.0]",1,0,0,0,0
"[0.7619047619047619,0.8871511321748289,0.0,1.0,0.6666666666666666,0.05]",0,5,1,0,0
"[0.23809523809523808,0.1151658767772512,0.0,0.0,0.6666666666666666,0.15000000000000002]",0,2,0,0,0
"[0.6666666666666666,0.9516587677725119,0.3333333333333333,0.0,0.6666666666666666,0.1]",0,7,0,0,0
"[0.40476190476190477,0.41901000526592946,0.0,0.0,0.6666666666666666,0.17500000000000002]",1,0,0,1,0
"[0.14285714285714285,0.06324381253291206,0.3333333333333333,0.0,0.0,0.025]",0,2,1,0,1
"[0.3571428571428571,0.18588730911005794,0.6666666666666666,0.0,0.3333333333333333,0.25]",1,0,1,0,0
"[0.42857142857142855,0.09120589784096894,0.6666666666666666,0.0,0.6666666666666666,0.17500000000000002]",0,2,0,0,0
"[0.2857142857142857,0.13070036861506057,0.6666666666666666,0.0,0.3333333333333333,0.25]",0,2,0,0,0
"[0.6190476190476191,0.18599262769878885,1.0,1.0,0.6666666666666666,0.5]",0,1,0,0,0
"[0.047619047619047616,0.08788836229594524,1.0,0.0,0.6666666666666666,0.05]",1,6,0,0,0
"[0.6666666666666666,0.33543970510795157,1.0,0.0,0.3333333333333333,0.15000000000000002]",0,3,0,0,0
"[0.5714285714285714,0.27714586624539234,0.0,0.0,1.0,0.1]",2,8,0,0,0
"[1.0,0.22174828857293313,1.0,0.0,0.6666666666666666,0.275]",1,0,0,1,0
"[0.3333333333333333,0.09131121642969985,0.3333333333333333,1.0,0.6666666666666666,0.05]",0,2,1,0,0
"[0.3333333333333333,0.210057925223802,0.6666666666666666,0.0,0.6666666666666666,0.2]",0,1,1,1,0
"[0.42857142857142855,0.48672985781990524,0.0,1.0,0.6666666666666666,0.17500000000000002]",0,3,1,1,0
"[0.3571428571428571,0.09331226961558715,1.0,0.0,0.6666666666666666,0.35000000000000003]",0,1,0,0,0
"[0.5238095238095237,0.3076882569773565,0.3333333333333333,0.0,1.0,0.125]",1,0,1,0,0
"[0.16666666666666666,0.20753027909426014,1.0,0.0,0.6666666666666666,0.1]",1,0,0,0,0
"[0.2857142857142857,0.13533438651922064,0.3333333333333333,1.0,0.6666666666666666,0.275]",0,1,0,1,0
"[0.5714285714285714,0.641495523959979,0.0,0.0,0.6666666666666666,0.025]",0,7,1,1,0
"[0.40476190476190477,0.49331226961558716,1.0,0.0,0.3333333333333333,0.325]",1,0,1,1,0
"[0.21428571428571427,0.06456029489204845,0.0,0.0,0.3333333333333333,0.225]",0,1,0,1,0
"[0.8571428571428571,0.49989468141126914,0.6666666666666666,0.0,0.0,0.125]",0,3,1,0,0
"[0.6190476190476191,0.05276461295418641,1.0,0.0,0.6666666666666666,0.25]",0,1,1,0,0
"[0.023809523809523808,0.04476040021063718,0.3333333333333333,1.0,1.0,0.025]",0,1,1,1,1
"[0.26190476190476186,0.1448657187993681,1.0,0.0,0.6666666666666666,0.07500000000000001]",0,1,1,0,0
"[0.8571428571428571,0.8830963665086888,1.0,0.0,0.6666666666666666,0.25]",0,7,0,0,0
"[0.30952380952380953,0.3066877303844129,0.0,0.0,0.3333333333333333,0.15000000000000002]",0,4,0,1,0
"[0.30952380952380953,0.3055818852027383,0.0,0.0,0.6666666666666666,0.25]",0,4,1,0,0
"[0.9761904761904762,0.2191679831490258,1.0,0.0,0.6666666666666666,0.15000000000000002]",1,0,1,0,0
"[0.5952380952380952,0.9863612427593471,1.0,0.0,0.6666666666666666,0.2]",0,7,0,0,0
"[0.738095238095238,0.9321748288572933,0.6666666666666666,0.0,1.0,0.025]",0,5,0,0,0
"[0.42857142857142855,0.14128488678251713,0.3333333333333333,0.0,0.3333333333333333,0.275]",0,1,0,0,0
"[0.7142857142857142,0.08162190626645603,0.3333333333333333,0.0,0.3333333333333333,0.025]",0,2,0,0,0
"[0.21428571428571427,0.0794102159031069,0.6666666666666666,0.0,0.6666666666666666,0.125]",0,1,0,0,0
"[0.26190476190476186,0.2956292785676672,1.0,0.0,0.6666666666666666,0.15000000000000002]",0,4,0,1,0
"[0.7142857142857142,0.9086887835703003,1.0,0.0,1.0,0.025]",0,7,0,0,0
"[0.26190476190476186,0.79594523433386,1.0,0.0,0.3333333333333333,0.17500000000000002]",0,7,1,0,0
"[0.38095238095238093,0.08299104791995787,0.6666666666666666,0.0,0.3333333333333333,0.025]",0,1,1,0,0
"[0.6190476190476191,0.9059505002632965,0.3333333333333333,0.0,0.6666666666666666,0.55]",1,5,0,0,0
"[0.3571428571428571,0.3881516587677725,0.6666666666666666,0.0,0.6666666666666666,0.225]",1,0,0,1,0
"[0.023809523809523808,0.10452869931542917,1.0,0.0,0.6666666666666666,0.025]",0,1,1,1,0
"[0.11904761904761904,0.011269088994207479,0.6666666666666666,1.0,0.6666666666666666,0.025]",0,1,0,0,0
"[0.16666666666666666,0.00573986308583465,1.0,0.0,0.6666666666666666,0.025]",1,6,0,1,1
"[0.19047619047619047,0.09826224328593998,1.0,1.0,0.3333333333333333,0.2]",0,1,0,1,0
"[0.6428571428571428,0.9381253291205899,0.3333333333333333,0.0,0.6666666666666666,0.6000000000000001]",1,5,1,1,1
"[0.8809523809523809,0.6618220115850448,0.3333333333333333,0.0,0.6666666666666666,0.8250000000000001]",0,4,0,1,0
"[0.07142857142857142,0.0850974196945761,0.6666666666666666,1.0,0.0,0.05]",0,2,1,0,1
"[0.6666666666666666,0.9362822538177988,0.3333333333333333,0.0,0.6666666666666666,0.275]",1,5,1,0,0
"[0.38095238095238093,0.18583464981569248,0.0,0.0,0.6666666666666666,0.07500000000000001]",1,0,1,1,0
"[0.7857142857142857,0.9919957872564508,0.3333333333333333,1.0,0.3333333333333333,0.7250000000000001]",1,5,0,1,0
"[0.9761904761904762,0.5004212743549237,1.0,0.0,0.3333333333333333,0.225]",0,3,0,0,0
"[0.38095238095238093,0.18088467614533965,0.3333333333333333,0.0,1.0,0.275]",0,2,1,0,0
"[0.23809523809523808,0.060294892048446555,0.6666666666666666,0.0,0.3333333333333333,0.1]",0,2,0,1,0
"[0.6190476190476191,0.9573986308583465,0.0,0.0,0.3333333333333333,0.625]",0,5,0,0,0
"[0.38095238095238093,0.1833070036861506,0.3333333333333333,0.0,1.0,0.25]",2,8,0,0,0
"[0.40476190476190477,0.1314902580305424,0.6666666666666666,0.0,0.6666666666666666,0.07500000000000001]",0,1,0,1,0
"[0.5714285714285714,0.07177461822011585,0.3333333333333333,0.0,0.6666666666666666,0.025]",0,1,1,1,0
"[0.5952380952380952,0.4856240126382307,1.0,0.0,1.0,0.525]",1,0,1,0,0
"[0.42857142857142855,0.23175355450236967,0.3333333333333333,0.0,0.6666666666666666,0.4]",0,3,1,1,0
"[0.6190476190476191,0.3669826224328594,1.0,0.0,0.6666666666666666,0.25]",0,4,1,0,1
"[0.23809523809523808,0.15050026329647184,1.0,0.0,0.6666666666666666,0.05]",0,2,0,1,0
"[0.7857142857142857,0.09631384939441812,0.6666666666666666,0.0,0.3333333333333333,0.17500000000000002]",0,2,1,0,0
"[0.2857142857142857,0.194102159031069,0.6666666666666666,0.0,0.6666666666666666,0.2]",0,3,1,1,0
"[0.26190476190476186,0.12269615587151132,0.6666666666666666,0.0,0.6666666666666666,0.17500000000000002]",0,2,1,1,1
"[0.23809523809523808,0.05639810426540284,0.0,0.0,0.3333333333333333,0.07500000000000001]",0,1,0,0,0
"[0.16666666666666666,0.057240652975250134,0.3333333333333333,0.0,0.3333333333333333,0.05]",0,1,1,0,0
"[0.3333333333333333,0.2738283307003686,1.0,0.0,1.0,0.25]",1,0,0,0,0
"[0.6428571428571428,0.8979462875197473,0.3333333333333333,1.0,0.6666666666666666,0.0]",0,5,1,0,0
"[0.5,0.84855186940495,0.3333333333333333,0.0,0.6666666666666666,0.47500000000000003]",0,5,1,1,0
"[0.9523809523809523,0.07177461822011585,0.6666666666666666,0.0,0.6666666666666666,0.05]",0,1,0,0,0
"[0.3333333333333333,0.20400210637177463,0.6666666666666666,0.0,0.6666666666666666,0.25]",0,2,0,0,1
"[0.5,0.1524486571879937,0.0,0.0,0.6666666666666666,0.125]",0,1,0,0,1
"[0.2857142857142857,0.190521327014218,1.0,0.0,0.6666666666666666,0.225]",0,2,1,0,0
"[0.42857142857142855,0.32043180621379674,0.6666666666666666,0.0,0.6666666666666666,0.17500000000000002]",0,4,1,0,0
"[0.6666666666666666,0.1271195365982096,0.0,0.0,1.0,0.17500000000000002]",2,8,1,0,0
"[0.23809523809523808,0.29831490258030546,1.0,0.0,0.6666666666666666,0.225]",0,2,1,0,0
"[0.7619047619047619,0.8357556608741443,0.0,0.0,0.6666666666666666,0.07500000000000001]",0,7,1,1,0
"[0.5238095238095237,0.42575039494470773,0.3333333333333333,0.0,0.6666666666666666,0.125]",1,0,0,1,1
"[0.8095238095238095,0.3916271721958926,0.3333333333333333,0.0,0.3333333333333333,0.2]",1,0,0,1,1
"[0.2857142857142857,0.5743549236440232,0.0,1.0,0.6666666666666666,0.225]",0,5,1,1,0
"[0.5,0.18562401263823067,0.6666666666666666,0.0,0.6666666666666666,0.2]",0,3,0,0,0
"[0.30952380952380953,0.46566614007372303,0.6666666666666666,0.0,0.3333333333333333,0.25]",1,0,1,1,0
"[0.5476190476190476,0.2707740916271722,0.3333333333333333,0.0,0.6666666666666666,0.47500000000000003]",1,0,0,0,0
"[0.30952380952380953,0.06808846761453397,0.3333333333333333,0.0,1.0,0.07500000000000001]",1,6,1,1,1
"[0.6190476190476191,0.0712480252764613,0.0,0.0,1.0,0.07500000000000001]",0,2,0,0,1
"[0.5714285714285714,0.8874144286466562,0.6666666666666666,0.0,0.3333333333333333,0.5]",0,5,0,1,0
"[0.8809523809523809,0.9572406529752502,0.6666666666666666,0.0,0.6666666666666666,0.47500000000000003]",0,5,1,0,0
"[0.9047619047619047,0.9851500789889416,0.3333333333333333,0.0,0.6666666666666666,0.17500000000000002]",2,5,0,0,0
"[0.5238095238095237,0.1334913112164297,0.6666666666666666,0.0,0.6666666666666666,0.1]",0,1,0,0,0
"[0.38095238095238093,0.3944707740916272,1.0,0.0,0.3333333333333333,0.225]",0,4,0,0,0
"[0.5238095238095237,0.1923117430226435,1.0,0.0,0.6666666666666666,0.225]",0,1,0,0,0
"[0.5476190476190476,0.16292785676671934,0.0,0.0,0.6666666666666666,0.225]",1,0,1,0,0
"[0.40476190476190477,0.17061611374407584,0.6666666666666666,0.0,0.6666666666666666,0.225]",0,1,0,1,0
"[0.7857142857142857,0.6854660347551343,0.3333333333333333,0.0,0.6666666666666666,0.8250000000000001]",2,5,0,1,0
"[0.47619047619047616,0.3098472880463402,0.0,0.0,0.6666666666666666,0.17500000000000002]",1,0,1,0,0
"[0.38095238095238093,0.26940494997367037,0.0,0.0,1.0,0.25]",1,0,1,0,0
"[0.16666666666666666,0.14007372301211166,1.0,0.0,0.3333333333333333,0.07500000000000001]",0,2,0,0,0
"[0.9523809523809523,0.4738809899947341,0.0,0.0,0.3333333333333333,0.25]",0,3,1,1,1
"[0.5238095238095237,0.07256450763559769,0.3333333333333333,1.0,0.6666666666666666,0.1]",0,2,0,0,0
"[0.42857142857142855,0.1911532385466035,0.0,0.0,0.3333333333333333,0.375]",1,0,1,0,0
"[0.7142857142857142,0.362769878883623,1.0,0.0,0.6666666666666666,0.25]",0,3,0,0,0
"[0.21428571428571427,0.08030542390731965,1.0,0.0,0.6666666666666666,0.025]",1,6,1,0,0
"[0.7857142857142857,0.6389152185360717,0.3333333333333333,0.0,0.3333333333333333,0.125]",0,3,1,0,0
"[0.0,0.03170089520800421,1.0,0.0,1.0,0.0]",0,2,1,0,0
"[0.40476190476190477,0.22927856766719326,1.0,0.0,0.6666666666666666,0.225]",0,2,1,0,0
"[0.21428571428571427,0.21390205371248025,1.0,1.0,0.6666666666666666,0.15000000000000002]",1,0,0,0,0
"[0.8809523809523809,0.6680358083201685,0.6666666666666666,0.0,0.3333333333333333,0.47500000000000003]",1,0,0,1,1
"[0.9047619047619047,0.6526066350710901,0.3333333333333333,0.0,0.6666666666666666,0.47500000000000003]",0,3,0,1,0
"[0.38095238095238093,0.053712480252764615,0.6666666666666666,1.0,0.6666666666666666,0.125]",0,1,1,0,0
"[0.5238095238095237,0.28267509215376513,0.6666666666666666,1.0,0.6666666666666666,0.30000000000000004]",0,4,1,0,0
"[0.38095238095238093,0.23275408109531334,0.6666666666666666,0.0,0.6666666666666666,0.2]",0,2,0,0,0
"[0.30952380952380953,0.09352290679304898,1.0,0.0,1.0,0.025]",1,6,1,0,1
"[0.40476190476190477,0.1898367561874671,0.6666666666666666,0.0,0.3333333333333333,0.1]",1,0,1,1,1
"[0.47619047619047616,0.08430753027909427,0.6666666666666666,0.0,0.6666666666666666,0.1]",0,1,0,0,0
"[0.38095238095238093,0.29899947340705635,1.0,0.0,1.0,0.35000000000000003]",0,4,1,0,0
"[0.23809523809523808,0.1956292785676672,0.0,0.0,0.6666666666666666,0.125]",1,0,0,0,0
"[0.30952380952380953,0.27224855186940494,0.6666666666666666,0.0,0.3333333333333333,0.25]",0,3,0,1,1
"[0.5,0.2691416535018431,1.0,0.0,1.0,0.125]",1,0,0,1,0
"[0.7857142857142857,0.5048446550816219,0.3333333333333333,0.0,0.6666666666666666,0.1]",1,0,0,0,0
"[0.5476190476190476,0.23475513428120065,1.0,0.0,0.3333333333333333,0.15000000000000002]",0,1,1,1,0
"[0.45238095238095233,0.10463401790416009,0.6666666666666666,0.0,0.6666666666666666,0.15000000000000002]",0,1,0,1,0
"[0.3571428571428571,0.4733543970510795,1.0,0.0,1.0,0.125]",1,0,0,0,0
"[0.3333333333333333,0.16161137440758294,0.3333333333333333,0.0,0.3333333333333333,0.07500000000000001]",1,0,0,1,0
"[0.5,0.5219062664560296,0.6666666666666666,1.0,0.6666666666666666,0.15000000000000002]",0,4,0,0,0
"[0.16666666666666666,0.2750394944707741,0.6666666666666666,0.0,0.3333333333333333,0.07500000000000001]",1,0,0,0,0
"[0.8095238095238095,0.6444444444444445,0.6666666666666666,0.0,0.3333333333333333,0.125]",0,3,1,1,0
"[0.5952380952380952,0.16176935229067932,0.6666666666666666,0.0,0.0,0.5]",0,1,1,1,0
"[0.21428571428571427,0.2506582411795682,1.0,0.0,0.6666666666666666,0.15000000000000002]",1,0,1,1,0
"[0.21428571428571427,0.07293312269615587,0.6666666666666666,0.0,0.6666666666666666,0.2]",0,1,1,1,1
"[0.19047619047619047,0.1524486571879937,1.0,0.0,0.6666666666666666,0.1]",0,1,0,0,0
"[0.5714285714285714,0.8314902580305424,0.0,0.0,0.6666666666666666,0.5]",2,5,1,0,0
"[0.8095238095238095,0.10221169036334914,0.0,0.0,0.0,0.125]",0,2,1,0,0
"[0.45238095238095233,0.13796735123749343,0.6666666666666666,0.0,0.6666666666666666,0.07500000000000001]",0,2,1,0,0
"[0.40476190476190477,0.43986308583464984,1.0,0.0,0.6666666666666666,0.05]",0,3,0,0,0
"[0.16666666666666666,0.11690363349131122,1.0,0.0,0.3333333333333333,0.07500000000000001]",0,2,0,0,0
"[0.19047619047619047,0.13528172722485518,0.0,0.0,0.6666666666666666,0.17500000000000002]",0,2,0,0,0
"[0.26190476190476186,0.367509215376514,0.0,0.0,0.3333333333333333,0.25]",2,8,0,0,0
"[0.738095238095238,0.17245918904686677,0.0,1.0,0.6666666666666666,0.1]",0,2,0,0,1
"[0.26190476190476186,0.34460242232754085,1.0,0.0,0.6666666666666666,0.2]",0,4,1,1,1
"[0.8571428571428571,0.8593470247498683,1.0,0.0,0.3333333333333333,0.5]",0,7,1,0,0
"[0.9523809523809523,0.9843075302790943,0.0,1.0,0.6666666666666666,0.225]",0,7,1,1,0
"[0.8809523809523809,0.7226434965771459,1.0,0.0,1.0,0.17500000000000002]",0,7,0,0,0
"[0.42857142857142855,0.43543970510795155,0.3333333333333333,0.0,0.6666666666666666,0.125]",1,0,1,1,0
"[0.30952380952380953,0.018430753027909426,0.6666666666666666,0.0,0.6666666666666666,0.025]",1,6,1,0,1
"[0.2857142857142857,0.19852553975776727,0.0,0.0,0.6666666666666666,0.07500000000000001]",1,0,1,0,0
"[0.30952380952380953,0.8116377040547657,0.3333333333333333,0.0,1.0,0.07500000000000001]",0,7,1,0,0
"[0.38095238095238093,0.10463401790416009,0.0,0.0,0.6666666666666666,0.1]",0,1,0,0,0
"[0.30952380952380953,0.013270142180094787,0.3333333333333333,0.0,1.0,0.025]",0,1,1,0,1
"[0.21428571428571427,0.057398630858346504,0.0,0.0,1.0,0.125]",0,2,0,0,0
"[0.42857142857142855,0.2528172722485519,1.0,0.0,0.3333333333333333,0.25]",0,2,0,0,0
"[0.42857142857142855,0.24423380726698263,0.0,0.0,0.3333333333333333,0.07500000000000001]",1,0,1,0,0
"[0.6904761904761905,0.12696155871511322,1.0,0.0,0.3333333333333333,0.15000000000000002]",0,1,0,0,0
"[0.16666666666666666,0.17856766719325962,0.0,0.0,0.6666666666666666,0.07500000000000001]",1,6,0,0,1
"[0.45238095238095233,0.13117430226434967,0.6666666666666666,0.0,0.0,0.15000000000000002]",0,2,0,0,0
"[0.9047619047619047,0.05566087414428647,0.0,1.0,1.0,0.07500000000000001]",0,1,1,0,0
"[0.6904761904761905,0.8509741969457609,0.6666666666666666,0.0,1.0,0.5]",0,7,1,0,0
"[0.14285714285714285,0.1660347551342812,0.6666666666666666,0.0,0.6666666666666666,0.125]",1,0,1,1,0
"[0.3333333333333333,0.43154291732490785,1.0,0.0,0.3333333333333333,0.1]",1,0,0,0,0
"[0.38095238095238093,0.12032648762506583,0.3333333333333333,0.0,0.3333333333333333,0.125]",0,2,1,0,0
"[0.5476190476190476,0.058873091100579256,0.6666666666666666,0.0,0.3333333333333333,0.1]",0,1,0,1,0
"[0.5238095238095237,0.15618746708794104,0.6666666666666666,0.0,1.0,0.2]",0,2,0,0,0
"[0.30952380952380953,0.5152185360716167,1.0,0.0,0.6666666666666666,0.325]",1,0,0,0,0
"[0.6666666666666666,0.4785150078988942,1.0,0.0,1.0,0.17500000000000002]",1,0,0,0,1
"[0.5,0.13886255924170618,0.0,1.0,1.0,0.025]",0,2,1,1,1
"[0.30952380952380953,0.3389678778304371,0.3333333333333333,0.0,0.6666666666666666,0.25]",0,3,1,0,1
"[0.6428571428571428,0.5182727751448131,0.0,0.0,0.6666666666666666,0.17500000000000002]",0,4,0,1,0
"[0.30952380952380953,0.057925223802001054,0.3333333333333333,0.0,0.6666666666666666,0.07500000000000001]",2,8,1,0,0
"[0.30952380952380953,0.1428646656134808,1.0,0.0,0.0,0.05]",0,2,0,1,1
"[0.6428571428571428,0.44081095313322805,1.0,0.0,1.0,0.07500000000000001]",0,3,0,1,0
"[0.7142857142857142,0.2357556608741443,0.0,0.0,0.6666666666666666,0.05]",1,0,0,0,0
"[0.38095238095238093,0.09125855713533439,0.6666666666666666,0.0,0.6666666666666666,0.05]",2,8,1,0,1
"[0.5238095238095237,0.6713006845708268,0.3333333333333333,0.0,0.6666666666666666,0.225]",0,7,0,0,0
"[0.23809523809523808,0.3925223802001053,0.0,0.0,0.6666666666666666,0.125]",1,0,0,0,0
"[0.6190476190476191,0.11337546076882571,0.6666666666666666,0.0,0.6666666666666666,0.125]",0,2,0,0,0
"[0.8333333333333333,0.8209057398630859,0.3333333333333333,0.0,0.3333333333333333,0.225]",0,7,0,0,0
"[0.738095238095238,0.2971037388099,0.6666666666666666,0.0,0.3333333333333333,0.07500000000000001]",0,4,0,0,0
"[0.5238095238095237,0.07035281727224856,0.6666666666666666,0.0,1.0,0.07500000000000001]",0,1,0,0,0
"[0.6190476190476191,0.12696155871511322,0.3333333333333333,0.0,0.3333333333333333,0.125]",0,1,0,0,0
"[0.3571428571428571,0.17714586624539233,0.0,0.0,0.6666666666666666,0.1]",1,0,0,0,0
"[0.38095238095238093,0.19747235387045814,0.0,0.0,0.6666666666666666,0.325]",1,0,0,0,0
"[0.2857142857142857,0.22601369141653502,0.6666666666666666,0.0,0.3333333333333333,0.05]",1,0,0,0,0
"[0.5714285714285714,0.14028436018957346,1.0,0.0,0.6666666666666666,0.30000000000000004]",0,2,1,0,0
"[0.6190476190476191,0.19794628751974724,0.6666666666666666,0.0,0.3333333333333333,0.025]",1,0,1,0,0
"[0.2857142857142857,0.013954713006845709,0.6666666666666666,0.0,0.3333333333333333,0.025]",0,1,0,0,0
"[0.9285714285714285,0.20489731437598738,0.6666666666666666,1.0,0.3333333333333333,0.30000000000000004]",0,1,0,0,0
"[0.738095238095238,0.4979989468141127,0.3333333333333333,0.0,0.6666666666666666,0.2]",0,4,0,0,0
"[0.38095238095238093,0.8424433912585572,0.0,0.0,0.3333333333333333,0.35000000000000003]",0,7,0,0,0
"[0.23809523809523808,0.10005265929436546,0.6666666666666666,0.0,1.0,0.07500000000000001]",1,6,0,0,1
"[0.26190476190476186,0.25044760400210636,0.3333333333333333,0.0,0.0,0.125]",1,0,1,0,1
"[0.38095238095238093,0.18904686677198526,0.3333333333333333,1.0,1.0,0.375]",1,0,1,1,1
"[0.40476190476190477,0.07345971563981044,0.6666666666666666,0.0,0.6666666666666666,0.025]",1,6,0,0,0
"[0.14285714285714285,0.11390205371248026,0.0,0.0,0.3333333333333333,0.0]",0,2,0,1,1
"[0.14285714285714285,0.05392311743022644,0.3333333333333333,0.0,0.6666666666666666,0.025]",1,6,1,0,0
"[0.6190476190476191,0.48446550816219064,0.6666666666666666,0.0,0.3333333333333333,0.05]",0,3,0,1,0
"[0.26190476190476186,0.4007898894154818,0.6666666666666666,0.0,0.6666666666666666,0.25]",1,0,0,0,0
"[0.2857142857142857,0.05555555555555556,0.6666666666666666,1.0,1.0,0.125]",2,8,0,0,0
"[0.8809523809523809,0.15934702474986837,0.6666666666666666,0.0,0.6666666666666666,0.07500000000000001]",0,4,0,1,0
"[0.3571428571428571,0.1489731437598736,0.3333333333333333,0.0,0.6666666666666666,0.125]",0,2,1,0,0
"[0.6904761904761905,0.18862559241706162,0.6666666666666666,0.0,0.3333333333333333,0.125]",1,0,1,1,0
"[0.23809523809523808,0.08172722485518695,0.0,0.0,0.3333333333333333,0.0]",0,2,0,0,1
"[0.23809523809523808,0.02917324907846235,0.6666666666666666,0.0,0.0,0.025]",0,1,0,0,0
"[0.23809523809523808,0.20479199578725646,0.0,0.0,0.6666666666666666,0.1]",1,0,0,0,0
"[0.738095238095238,0.1990521327014218,0.0,1.0,0.6666666666666666,0.07500000000000001]",0,2,1,0,0
"[0.26190476190476186,0.1143233280674039,0.3333333333333333,0.0,0.6666666666666666,0.07500000000000001]",0,2,1,0,0
"[0.23809523809523808,0.2917324907846235,0.3333333333333333,0.0,0.3333333333333333,0.2]",0,3,0,0,0
"[0.3571428571428571,0.28325434439178515,0.6666666666666666,0.0,0.6666666666666666,0.0]",0,4,0,1,0
"[0.3333333333333333,0.5389678778304371,1.0,1.0,1.0,0.125]",0,5,0,0,0
"[0.8571428571428571,0.7911005792522381,1.0,1.0,0.6666666666666666,0.35000000000000003]",0,5,1,0,0
"[0.26190476190476186,0.0712480252764613,0.0,0.0,0.0,0.225]",0,1,0,0,1
"[0.6190476190476191,0.8066877303844129,0.0,0.0,1.0,0.5]",0,7,0,0,0
"[0.5,0.3879410215903107,0.3333333333333333,0.0,0.6666666666666666,0.05]",0,3,1,0,0
"[0.6666666666666666,0.8213270142180095,0.3333333333333333,0.0,1.0,0.325]",1,5,1,0,0
"[0.40476190476190477,0.40005265929436545,0.3333333333333333,0.0,0.0,0.275]",0,4,1,0,0
"[0.11904761904761904,0.0665086887835703,0.6666666666666666,0.0,0.6666666666666666,0.1]",0,2,0,0,0
"[0.5238095238095237,0.053133228014744606,0.0,0.0,0.0,0.125]",0,2,0,0,1
"[0.38095238095238093,0.3198525539757767,0.6666666666666666,0.0,0.6666666666666666,0.25]",1,0,0,1,0
"[0.30952380952380953,0.16192733017377567,0.6666666666666666,0.0,0.0,0.17500000000000002]",0,1,1,0,1
"[0.7619047619047619,0.7057398630858347,1.0,0.0,0.6666666666666666,0.8]",0,7,0,1,0
"[0.38095238095238093,0.0684044233807267,0.6666666666666666,1.0,0.6666666666666666,0.275]",1,6,0,1,0
"[0.5714285714285714,0.20179041600842548,0.3333333333333333,0.0,0.6666666666666666,0.025]",0,2,0,0,0
"[0.45238095238095233,0.17251184834123223,1.0,0.0,0.6666666666666666,0.25]",0,1,0,0,0
"[0.26190476190476186,0.4584518167456556,0.0,0.0,0.6666666666666666,0.17500000000000002]",0,4,1,0,0
"[0.3571428571428571,0.1743549236440232,0.3333333333333333,0.0,0.6666666666666666,0.125]",0,3,0,0,0
"[0.6428571428571428,0.05913638757240653,1.0,1.0,0.6666666666666666,0.125]",0,1,0,0,0
"[0.5714285714285714,0.4799894681411269,1.0,0.0,0.0,0.5]",0,4,0,1,0
"[0.5238095238095237,0.23507109004739338,0.0,0.0,1.0,0.2]",1,0,0,0,0
"[0.3571428571428571,0.22106371774618222,0.6666666666666666,0.0,0.6666666666666666,0.375]",0,2,0,1,0
"[0.5238095238095237,0.8124275934702475,1.0,1.0,0.6666666666666666,0.525]",2,5,0,1,0
"[0.14285714285714285,0.06777251184834124,0.0,0.0,0.6666666666666666,0.025]",0,2,0,0,0
"[0.5238095238095237,0.16113744075829384,1.0,0.0,0.6666666666666666,0.05]",0,4,0,1,0
"[0.6428571428571428,0.3387045813586098,0.3333333333333333,0.0,0.6666666666666666,0.25]",0,4,0,0,0
"[0.40476190476190477,0.07482885729331228,0.6666666666666666,1.0,0.6666666666666666,0.125]",1,6,1,0,0
"[0.3333333333333333,0.2563981042654029,0.3333333333333333,0.0,0.6666666666666666,0.17500000000000002]",0,1,1,0,0
"[0.42857142857142855,0.08609794628751975,1.0,1.0,0.3333333333333333,0.07500000000000001]",1,6,0,1,0
"[0.7142857142857142,0.2859399684044234,0.6666666666666666,0.0,0.6666666666666666,0.2]",1,0,1,0,0
"[0.26190476190476186,0.07593470247498683,0.6666666666666666,0.0,0.3333333333333333,0.025]",0,1,0,0,0
"[0.3571428571428571,0.283464981569247,0.0,0.0,0.0,0.05]",1,0,0,0,0
"[0.2857142857142857,0.4583991574512902,0.0,0.0,0.6666666666666666,0.25]",1,0,0,0,1
"[0.47619047619047616,0.2668773038441285,0.6666666666666666,0.0,0.6666666666666666,0.15000000000000002]",2,8,0,0,0
"[0.40476190476190477,0.07588204318062139,0.0,0.0,0.6666666666666666,0.07500000000000001]",0,2,0,0,0
"[0.2857142857142857,0.4339652448657188,0.3333333333333333,0.0,0.6666666666666666,0.1]",1,0,0,0,0
"[0.40476190476190477,0.056082148499210116,0.0,0.0,0.6666666666666666,0.025]",0,2,1,1,1
"[0.8333333333333333,0.48235913638757244,1.0,0.0,0.6666666666666666,0.8250000000000001]",0,3,1,0,1
"[0.47619047619047616,0.20252764612954188,0.3333333333333333,0.0,0.6666666666666666,0.125]",0,3,0,0,1
"[0.3333333333333333,0.16208530805687205,0.0,0.0,0.3333333333333333,0.15000000000000002]",0,1,0,0,0
"[0.7142857142857142,0.07151132174828857,0.0,0.0,0.3333333333333333,0.2]",0,1,1,0,0
"[0.38095238095238093,0.10337019483938915,1.0,0.0,0.0,0.025]",0,1,0,0,0
"[0.8809523809523809,0.9782517114270669,1.0,1.0,0.6666666666666666,0.9]",1,5,0,0,0
"[0.38095238095238093,0.23565034228541337,1.0,0.0,0.3333333333333333,0.05]",0,1,0,0,0
"[0.19047619047619047,0.05539757767245919,1.0,1.0,0.6666666666666666,0.025]",0,1,1,0,0
"[0.47619047619047616,0.4694576092680358,0.3333333333333333,0.0,0.6666666666666666,0.225]",1,0,0,0,0
"[0.47619047619047616,0.1679304897314376,0.3333333333333333,0.0,1.0,0.07500000000000001]",1,0,1,0,0
"[0.42857142857142855,0.3057398630858347,0.6666666666666666,0.0,0.6666666666666666,0.025]",1,0,1,0,0
"[0.26190476190476186,0.19557661927330175,0.0,0.0,0.6666666666666666,0.25]",0,2,0,1,0
"[0.40476190476190477,0.2703001579778831,0.6666666666666666,0.0,0.6666666666666666,0.125]",0,4,1,1,0
"[0.5,0.3806213796735124,0.6666666666666666,0.0,0.6666666666666666,0.17500000000000002]",1,0,0,0,0
"[0.26190476190476186,0.413059505002633,1.0,0.0,1.0,0.15000000000000002]",0,4,0,0,0
"[0.7619047619047619,0.9648235913638757,0.6666666666666666,0.0,0.6666666666666666,0.025]",1,5,0,1,0
"[0.11904761904761904,0.05602948920484466,0.6666666666666666,0.0,0.6666666666666666,0.05]",0,1,0,0,0
"[0.42857142857142855,0.2397577672459189,0.0,0.0,0.6666666666666666,0.07500000000000001]",0,2,0,1,0
"[0.5714285714285714,0.9796735123749343,1.0,1.0,0.6666666666666666,0.025]",0,5,0,0,0
"[0.40476190476190477,0.1262769878883623,0.6666666666666666,0.0,0.3333333333333333,0.25]",0,2,0,0,0
"[0.38095238095238093,0.2134807793575566,0.6666666666666666,0.0,0.3333333333333333,0.2]",0,4,0,0,0
"[0.5238095238095237,0.1911532385466035,0.0,0.0,0.6666666666666666,0.125]",1,0,1,0,0
"[0.5952380952380952,0.20363349131121644,0.3333333333333333,0.0,0.6666666666666666,0.15000000000000002]",0,2,0,0,0
"[0.40476190476190477,0.0885202738283307,1.0,0.0,0.3333333333333333,0.025]",0,2,0,0,0
"[0.6666666666666666,0.8719325961032123,0.0,0.0,0.0,0.65]",1,5,0,0,0
"[0.23809523809523808,0.07367035281727226,0.3333333333333333,0.0,0.6666666666666666,0.025]",0,2,0,1,1
"[0.09523809523809523,0.09505002632964718,0.6666666666666666,0.0,0.3333333333333333,0.1]",0,1,1,1,0
"[0.7619047619047619,0.5390205371248026,0.6666666666666666,0.0,0.6666666666666666,0.75]",0,4,0,1,0
"[0.3333333333333333,0.12127435492364402,1.0,0.0,0.6666666666666666,0.07500000000000001]",0,1,1,0,0
"[0.6190476190476191,0.9499736703528173,1.0,0.0,0.3333333333333333,0.55]",0,7,1,1,0
"[0.2857142857142857,0.059610321221695635,0.3333333333333333,0.0,0.3333333333333333,0.15000000000000002]",0,1,0,0,0
"[0.6428571428571428,0.2506582411795682,0.0,0.0,0.6666666666666666,0.25]",0,2,1,1,0
"[0.6428571428571428,0.17777777777777778,0.0,0.0,0.6666666666666666,0.25]",1,0,0,0,0
"[0.30952380952380953,0.22764612954186414,0.0,0.0,0.6666666666666666,0.125]",1,0,0,0,0
"[0.42857142857142855,0.19241706161137442,0.6666666666666666,0.0,0.6666666666666666,0.07500000000000001]",0,3,1,1,0
"[0.38095238095238093,0.1956292785676672,1.0,0.0,0.6666666666666666,0.225]",0,3,0,0,0
"[0.738095238095238,0.11595576619273303,0.0,0.0,0.3333333333333333,0.225]",0,2,1,0,0
"[0.5,0.23001579778830963,0.0,0.0,0.6666666666666666,0.17500000000000002]",0,3,0,0,0
"[0.21428571428571427,0.1609794628751975,0.0,0.0,0.6666666666666666,0.17500000000000002]",0,2,0,0,0
"[0.40476190476190477,0.22111637704054768,0.0,0.0,0.6666666666666666,0.4]",0,1,0,0,0
"[0.23809523809523808,0.2036861506055819,0.0,1.0,0.3333333333333333,0.125]",0,3,1,0,0
"[0.07142857142857142,0.1110057925223802,1.0,0.0,0.6666666666666666,0.05]",0,1,0,0,0
"[0.0,0.029489204844655083,1.0,0.0,1.0,0.0]",1,6,1,1,1
"[0.6904761904761905,0.9820431806213797,0.6666666666666666,0.0,0.6666666666666666,0.125]",2,5,1,0,0
"[0.5,0.10847814639283834,0.6666666666666666,0.0,0.6666666666666666,0.25]",0,2,0,0,0
"[0.5238095238095237,0.49636650868878357,0.6666666666666666,0.0,0.6666666666666666,0.45]",0,3,1,0,0
"[0.40476190476190477,0.16529752501316483,0.6666666666666666,0.0,0.6666666666666666,0.35000000000000003]",0,4,1,0,0
"[0.45238095238095233,0.25060558188520277,0.6666666666666666,0.0,0.3333333333333333,0.1]",0,3,0,0,0
"[0.5,0.21237493417588205,0.6666666666666666,0.0,0.0,0.225]",0,3,1,0,0
"[0.6428571428571428,0.2507109004739337,1.0,0.0,0.6666666666666666,0.25]",0,3,1,0,0
"[0.47619047619047616,0.3552922590837283,0.6666666666666666,0.0,1.0,0.125]",0,3,1,1,0
"[0.40476190476190477,0.4895734597156398,0.0,0.0,0.6666666666666666,0.325]",1,0,0,0,1
"[0.45238095238095233,0.15413375460768827,0.3333333333333333,0.0,0.0,0.2]",0,1,1,0,0
"[0.5238095238095237,0.3652448657187994,1.0,0.0,0.3333333333333333,0.1]",0,3,1,1,0
"[0.6190476190476191,0.24928909952606637,1.0,0.0,0.6666666666666666,0.25]",2,8,0,1,0
"[0.7142857142857142,0.74739336492891,1.0,1.0,0.6666666666666666,0.05]",0,5,0,0,0
"[0.40476190476190477,0.23333333333333334,1.0,0.0,0.3333333333333333,0.05]",1,0,0,1,1
"[0.14285714285714285,0.1448657187993681,1.0,0.0,0.6666666666666666,0.15000000000000002]",0,1,1,1,0
"[0.21428571428571427,0.1320695102685624,0.6666666666666666,0.0,0.6666666666666666,0.07500000000000001]",0,1,1,0,0
"[0.21428571428571427,0.0827277514481306,1.0,0.0,0.3333333333333333,0.1]",0,1,0,0,0
"[0.5238095238095237,0.06092680358083202,0.0,0.0,0.0,0.1]",0,2,0,1,1
"[0.26190476190476186,0.2559241706161138,0.6666666666666666,0.0,0.6666666666666666,0.125]",1,0,0,0,0
"[0.42857142857142855,0.36856240126382306,0.0,0.0,0.6666666666666666,0.07500000000000001]",0,4,1,0,0
"[0.16666666666666666,0.22101105845181676,0.6666666666666666,0.0,0.6666666666666666,0.17500000000000002]",0,3,0,0,0
"[0.5,0.2256977356503423,0.3333333333333333,1.0,0.6666666666666666,0.125]",0,3,0,0,0
"[0.738095238095238,0.8111637704054766,0.3333333333333333,0.0,0.6666666666666666,0.1]",0,7,1,0,0
"[0.7619047619047619,0.6456029489204845,0.0,0.0,0.6666666666666666,0.35000000000000003]",0,7,1,0,0
"[0.047619047619047616,0.09341758820431807,0.6666666666666666,0.0,0.6666666666666666,0.05]",1,6,1,0,0
"[0.38095238095238093,0.23296471827277515,0.3333333333333333,0.0,0.6666666666666666,0.275]",0,1,1,0,0
"[0.42857142857142855,0.052869931542917324,0.3333333333333333,0.0,0.6666666666666666,0.1]",0,2,0,0,0
"[0.738095238095238,0.682306477093207,0.6666666666666666,0.0,0.6666666666666666,0.375]",0,4,1,1,0
"[0.42857142857142855,0.17719852553975776,0.6666666666666666,0.0,0.6666666666666666,0.07500000000000001]",0,3,1,0,0
"[0.42857142857142855,0.307161664033702,0.0,1.0,0.6666666666666666,0.125]",0,4,0,0,0
"[0.8571428571428571,0.8645076355976831,0.6666666666666666,1.0,0.6666666666666666,0.25]",0,5,1,0,0
"[0.5952380952380952,0.8738283307003687,0.6666666666666666,1.0,0.6666666666666666,0.35000000000000003]",0,7,0,0,0
"[0.40476190476190477,0.18809899947340705,1.0,1.0,1.0,0.275]",1,0,0,1,1
"[0.47619047619047616,0.1962085308056872,1.0,0.0,1.0,0.325]",0,1,0,0,0
"[0.26190476190476186,0.1673512374934176,0.3333333333333333,0.0,0.3333333333333333,0.25]",1,0,0,1,0
"[0.3571428571428571,0.23675618746708796,1.0,0.0,0.6666666666666666,0.15000000000000002]",1,0,0,0,0
"[0.3333333333333333,0.234913112164297,0.3333333333333333,0.0,0.3333333333333333,0.225]",0,1,0,0,0
"[0.30952380952380953,0.23522906793048975,1.0,0.0,0.6666666666666666,0.25]",1,0,1,0,0
"[0.738095238095238,0.08309636650868879,0.0,0.0,0.3333333333333333,0.05]",0,2,1,1,0
"[0.47619047619047616,0.07535545023696683,0.3333333333333333,1.0,0.6666666666666666,0.1]",0,2,1,0,0
"[0.6904761904761905,0.7879410215903108,0.3333333333333333,0.0,0.6666666666666666,0.07500000000000001]",1,5,1,0,0
"[0.738095238095238,0.7567140600315956,0.6666666666666666,0.0,0.6666666666666666,0.2]",0,5,0,0,0
"[0.5476190476190476,0.3197998946814113,0.6666666666666666,0.0,0.6666666666666666,0.05]",1,0,0,1,0
"[0.047619047619047616,0.09052132701421801,0.0,0.0,0.6666666666666666,0.05]",1,6,0,0,0
"[0.3571428571428571,0.22954186413902056,1.0,1.0,0.6666666666666666,0.15000000000000002]",1,0,1,1,0
"[0.42857142857142855,0.22843601895734597,0.6666666666666666,0.0,0.3333333333333333,0.07500000000000001]",0,4,0,0,0
"[0.6190476190476191,0.11511321748288574,1.0,0.0,0.6666666666666666,0.05]",2,8,1,1,0
"[0.11904761904761904,0.1569246972090574,0.6666666666666666,0.0,0.6666666666666666,0.125]",0,2,0,1,1
"[0.47619047619047616,0.1209583991574513,0.6666666666666666,0.0,0.3333333333333333,0.0]",0,2,1,0,0
"[0.8333333333333333,0.3157451290152712,1.0,0.0,0.6666666666666666,0.1]",0,4,0,0,0
"[0.7142857142857142,0.08667719852553976,0.6666666666666666,0.0,0.6666666666666666,0.225]",1,6,1,1,1
"[0.3333333333333333,0.020221169036334915,0.3333333333333333,0.0,0.6666666666666666,0.025]",0,2,0,0,1
"[0.19047619047619047,0.08220115850447604,1.0,1.0,0.6666666666666666,0.17500000000000002]",0,2,0,0,0
"[0.8809523809523809,0.13312269615587152,0.3333333333333333,0.0,0.6666666666666666,0.1]",0,1,0,0,0
"[0.38095238095238093,0.15676671932596103,1.0,0.0,1.0,0.375]",0,2,0,0,0
"[1.0,0.5199578725645077,1.0,1.0,1.0,0.025]",0,4,0,0,0
"[0.3571428571428571,0.05365982095839916,0.3333333333333333,0.0,0.6666666666666666,0.35000000000000003]",0,2,0,0,0
"[0.45238095238095233,0.4484465508162191,1.0,0.0,0.3333333333333333,0.15000000000000002]",1,0,0,0,0
"[0.38095238095238093,0.10110584518167456,1.0,0.0,0.6666666666666666,0.25]",0,1,1,0,0
"[0.11904761904761904,0.06666666666666667,1.0,1.0,0.6666666666666666,0.07500000000000001]",1,6,0,1,1
"[0.6190476190476191,0.3617693522906793,1.0,0.0,0.6666666666666666,0.2]",0,4,1,1,0
"[0.40476190476190477,0.20647709320695104,1.0,0.0,1.0,0.125]",0,1,0,1,0
"[0.5952380952380952,0.3600842548709847,1.0,0.0,0.6666666666666666,0.25]",1,0,0,1,0
"[0.14285714285714285,0.17862032648762508,0.6666666666666666,0.0,0.6666666666666666,0.125]",0,1,0,0,0
"[0.5476190476190476,0.4334913112164297,0.6666666666666666,0.0,0.6666666666666666,0.25]",1,0,0,0,0
"[0.26190476190476186,0.10347551342812007,0.6666666666666666,0.0,0.6666666666666666,0.125]",0,2,1,0,0
"[0.42857142857142855,0.1839389152185361,1.0,0.0,0.3333333333333333,0.325]",1,6,1,0,0
"[0.6428571428571428,0.5128488678251711,0.6666666666666666,1.0,0.3333333333333333,0.5750000000000001]",0,4,0,0,0
"[0.14285714285714285,0.028751974723538704,0.6666666666666666,0.0,0.6666666666666666,0.025]",2,8,0,0,1
"[0.6904761904761905,0.6280674038967878,0.6666666666666666,0.0,0.0,0.5750000000000001]",1,0,0,0,1
"[0.19047619047619047,0.06824644549763033,0.6666666666666666,0.0,1.0,0.07500000000000001]",0,2,0,0,0
"[0.6428571428571428,0.8264876250658242,0.3333333333333333,0.0,0.6666666666666666,0.525]",0,7,1,0,0
"[0.3333333333333333,0.12764612954186413,0.6666666666666666,0.0,0.3333333333333333,0.125]",0,1,0,0,0
"[0.30952380952380953,0.1299631384939442,0.6666666666666666,0.0,1.0,0.125]",0,2,0,0,0
"[0.5476190476190476,0.28546603475513427,0.3333333333333333,0.0,0.6666666666666666,0.07500000000000001]",2,8,0,0,0
"[0.5238095238095237,0.2899947340705635,0.0,0.0,0.6666666666666666,0.025]",0,3,1,1,0
"[0.14285714285714285,0.15260663507109004,0.0,0.0,1.0,0.15000000000000002]",0,2,0,0,0
"[0.6666666666666666,0.2397577672459189,0.3333333333333333,0.0,0.6666666666666666,0.25]",0,4,0,0,0
"[0.40476190476190477,0.3093206951026856,0.6666666666666666,0.0,0.6666666666666666,0.17500000000000002]",0,3,0,0,0
"[0.2857142857142857,0.09757767245918905,1.0,0.0,0.3333333333333333,0.25]",0,1,0,0,0
"[0.6904761904761905,0.2090047393364929,0.3333333333333333,0.0,0.0,0.025]",1,0,0,0,0
"[0.6666666666666666,0.49283833596629806,1.0,0.0,0.3333333333333333,0.25]",1,0,0,1,0
"[0.42857142857142855,0.2698788836229595,0.0,0.0,0.6666666666666666,0.05]",1,0,0,1,1
"[0.3333333333333333,0.3015271195365982,0.3333333333333333,0.0,0.6666666666666666,0.0]",1,0,0,0,1
"[0.11904761904761904,0.12037914691943129,0.3333333333333333,0.0,0.0,0.07500000000000001]",0,2,1,0,0
"[0.30952380952380953,0.22269615587151134,1.0,1.0,0.3333333333333333,0.125]",0,3,1,0,0
"[0.5,0.28767772511848344,1.0,0.0,0.6666666666666666,0.225]",0,2,0,1,0
"[0.3333333333333333,0.4529225908372828,0.6666666666666666,0.0,0.0,0.1]",1,0,0,0,0
"[0.5238095238095237,0.9912585571353344,0.3333333333333333,0.0,0.3333333333333333,0.525]",1,5,0,0,0
"[0.6428571428571428,0.4606108478146393,0.6666666666666666,1.0,1.0,0.125]",2,8,1,0,0
"[0.2857142857142857,0.20847814639283835,0.0,0.0,0.6666666666666666,0.225]",0,1,1,0,0
"[0.14285714285714285,0.05982095839915745,1.0,0.0,0.6666666666666666,0.05]",2,8,0,0,0
"[0.2857142857142857,0.061664033701948395,1.0,0.0,0.3333333333333333,0.1]",2,8,1,0,1
"[0.30952380952380953,0.386361242759347,0.6666666666666666,0.0,0.6666666666666666,0.125]",1,0,0,0,0
"[0.21428571428571427,0.12827804107424962,1.0,0.0,0.3333333333333333,0.15000000000000002]",0,1,1,0,0
"[0.26190476190476186,0.0922064244339126,0.3333333333333333,0.0,0.6666666666666666,0.05]",1,6,1,0,1
"[0.26190476190476186,0.2783043707214323,0.6666666666666666,0.0,1.0,0.07500000000000001]",0,4,0,1,0
"[0.2857142857142857,0.3228541337546077,0.0,0.0,0.6666666666666666,0.17500000000000002]",1,0,0,0,0
"[0.38095238095238093,0.10126382306477094,1.0,0.0,0.6666666666666666,0.125]",0,1,0,1,0
"[0.3571428571428571,0.2179041600842549,0.3333333333333333,0.0,0.3333333333333333,0.275]",1,0,1,0,0
"[0.738095238095238,0.18420221169036335,1.0,0.0,1.0,0.125]",1,0,1,0,0
"[0.3571428571428571,0.39784096893101634,0.0,1.0,0.3333333333333333,0.0]",1,0,1,1,1
"[0.47619047619047616,0.07682991047919958,0.3333333333333333,0.0,0.3333333333333333,0.15000000000000002]",0,2,1,0,0
"[0.30952380952380953,0.3766192733017378,0.6666666666666666,0.0,0.6666666666666666,0.025]",1,0,0,0,1
"[0.26190476190476186,0.057925223802001054,0.0,0.0,0.6666666666666666,0.025]",0,1,1,0,0
"[0.2857142857142857,0.22564507635597683,0.6666666666666666,0.0,0.6666666666666666,0.17500000000000002]",0,4,0,0,0
"[0.3333333333333333,0.08999473407056346,0.3333333333333333,0.0,0.6666666666666666,0.17500000000000002]",0,1,0,0,0
"[0.47619047619047616,0.2528699315429173,1.0,0.0,0.6666666666666666,0.025]",0,4,0,1,0
"[0.5952380952380952,0.07519747235387046,0.6666666666666666,0.0,0.6666666666666666,0.025]",0,1,0,1,1
"[0.5714285714285714,0.09252238020010532,0.3333333333333333,1.0,0.3333333333333333,0.125]",0,2,0,0,0
"[0.8809523809523809,0.9493944181147973,0.0,0.0,0.6666666666666666,0.025]",0,7,0,0,0
"[0.3571428571428571,0.10774091627172197,0.3333333333333333,0.0,0.3333333333333333,0.225]",0,1,0,0,0
"[0.5476190476190476,0.06740389678778305,0.0,1.0,0.6666666666666666,0.125]",0,2,0,0,0
"[0.38095238095238093,0.15755660874144287,0.6666666666666666,0.0,0.6666666666666666,0.375]",1,0,0,1,0
"[0.8333333333333333,0.6295945234333861,0.6666666666666666,1.0,0.3333333333333333,0.07500000000000001]",0,3,1,1,0
"[0.5952380952380952,0.13322801474460244,1.0,0.0,0.6666666666666666,0.225]",2,8,0,0,0
"[0.38095238095238093,0.2643496577145866,1.0,0.0,0.6666666666666666,0.05]",1,0,1,0,0
"[0.07142857142857142,0.0879410215903107,0.3333333333333333,0.0,0.6666666666666666,0.025]",1,6,0,0,1
"[0.47619047619047616,0.14181147972617167,0.6666666666666666,0.0,0.6666666666666666,0.125]",0,2,1,0,0
"[0.09523809523809523,0.0731437598736177,0.0,0.0,0.6666666666666666,0.025]",0,2,1,1,1
"[0.30952380952380953,0.2348077935755661,1.0,0.0,0.6666666666666666,0.30000000000000004]",1,0,1,0,0
"[0.7857142857142857,0.6375460768825698,0.6666666666666666,0.0,0.6666666666666666,0.05]",0,5,1,0,0
"[0.45238095238095233,0.16745655608214852,0.3333333333333333,0.0,0.6666666666666666,0.125]",1,0,0,0,0
"[0.6666666666666666,0.9646656134807794,1.0,0.0,0.6666666666666666,0.05]",0,7,0,1,0
"[0.42857142857142855,0.38504476040021063,0.0,0.0,0.6666666666666666,0.30000000000000004]",0,4,0,1,0
"[0.6190476190476191,0.07019483938915219,0.3333333333333333,0.0,0.3333333333333333,0.125]",0,1,0,1,1
"[0.45238095238095233,0.16124275934702476,0.3333333333333333,0.0,0.3333333333333333,0.25]",2,8,0,0,0
"[0.40476190476190477,0.25297525013164823,1.0,0.0,0.6666666666666666,0.25]",1,0,0,1,1
"[0.3571428571428571,0.11237493417588205,0.0,0.0,0.6666666666666666,0.25]",0,1,0,0,0
"[0.23809523809523808,0.054502369668246446,1.0,0.0,1.0,0.125]",0,1,0,0,0
"[0.5,0.6558715113217484,0.6666666666666666,1.0,0.6666666666666666,0.1]",0,7,0,0,0
"[0.6666666666666666,0.36766719325961034,0.3333333333333333,0.0,0.6666666666666666,0.05]",1,0,0,0,0
"[0.5238095238095237,0.12469720905739863,0.0,0.0,0.3333333333333333,0.1]",0,2,1,0,0
"[0.5714285714285714,0.23849394418114797,0.0,0.0,0.3333333333333333,0.0]",0,4,0,0,0
"[0.40476190476190477,0.25028962611901,1.0,0.0,0.6666666666666666,0.17500000000000002]",0,3,0,0,0
"[0.47619047619047616,0.08335966298051606,0.3333333333333333,0.0,0.6666666666666666,0.275]",2,8,0,0,0
"[0.38095238095238093,0.22838335966298054,0.0,0.0,0.3333333333333333,0.17500000000000002]",0,2,0,0,1
"[0.45238095238095233,0.16872037914691945,0.0,0.0,0.0,0.25]",0,3,0,0,1
"[0.5,0.16419167983149027,1.0,0.0,0.6666666666666666,0.05]",1,0,0,0,0
"[0.5952380952380952,0.07525013164823592,0.6666666666666666,0.0,0.3333333333333333,0.07500000000000001]",0,1,0,0,0
"[0.5476190476190476,0.30863612427593473,0.3333333333333333,0.0,0.0,0.07500000000000001]",0,4,0,0,0
"[0.5476190476190476,0.4969984202211691,0.6666666666666666,0.0,1.0,0.55]",1,0,1,1,0
"[0.2857142857142857,0.4559241706161138,0.6666666666666666,0.0,0.6666666666666666,0.17500000000000002]",0,3,1,0,0
"[0.19047619047619047,0.05997893628225382,0.3333333333333333,0.0,0.6666666666666666,0.125]",2,8,1,1,1
"[0.6666666666666666,0.4169036334913112,0.3333333333333333,1.0,1.0,0.225]",0,4,1,0,1
"[0.5238095238095237,0.2898367561874671,1.0,0.0,0.6666666666666666,0.125]",0,4,1,0,0
"[0.38095238095238093,0.3048973143759874,0.6666666666666666,1.0,0.6666666666666666,0.25]",1,0,0,0,0
"[0.9523809523809523,0.804739336492891,0.3333333333333333,1.0,0.3333333333333333,0.4]",1,5,0,0,0
"[0.40476190476190477,0.08931016324381254,0.6666666666666666,0.0,1.0,0.125]",0,2,0,0,0
"[0.6904761904761905,0.4909952606635071,0.3333333333333333,0.0,0.6666666666666666,0.55]",0,3,1,1,0
"[0.5238095238095237,0.1810953133228015,0.0,0.0,0.6666666666666666,0.17500000000000002]",0,4,1,0,0
"[0.8571428571428571,0.30779357556608744,1.0,0.0,0.3333333333333333,0.17500000000000002]",0,1,1,0,0
"[0.30952380952380953,0.4543443917851501,0.0,0.0,0.6666666666666666,0.07500000000000001]",1,0,1,0,0
"[0.23809523809523808,0.13596629805160612,0.0,1.0,0.6666666666666666,0.07500000000000001]",0,1,1,0,0
"[0.47619047619047616,0.2314902580305424,1.0,1.0,0.3333333333333333,0.1]",1,6,1,1,0
"[0.19047619047619047,0.19352290679304898,1.0,0.0,0.6666666666666666,0.125]",1,0,0,0,0
"[0.9523809523809523,0.7781990521327015,0.6666666666666666,0.0,0.6666666666666666,0.05]",0,7,0,1,0
"(6,[1,2],[0.02659294365455503,0.6666666666666666])",0,1,1,0,0
"[0.30952380952380953,0.10252764612954186,0.0,0.0,0.6666666666666666,0.025]",2,8,0,0,1
"[0.26190476190476186,0.069826224328594,0.0,0.0,0.6666666666666666,0.05]",2,8,0,1,1
"[0.6428571428571428,0.21827277514481308,0.6666666666666666,1.0,1.0,0.2]",1,0,1,0,0
"[0.42857142857142855,0.31348077935755664,0.3333333333333333,1.0,0.6666666666666666,0.025]",0,1,1,1,0
"[0.5952380952380952,0.2457082675092154,1.0,1.0,0.6666666666666666,0.17500000000000002]",1,0,0,0,0
"[0.21428571428571427,0.07214323328067404,1.0,0.0,0.3333333333333333,0.125]",0,2,1,1,0
"[0.26190476190476186,0.14760400210637178,1.0,0.0,1.0,0.275]",0,2,0,0,0
"[0.3333333333333333,0.1916271721958926,1.0,0.0,1.0,0.0]",1,0,0,0,0
"[0.5714285714285714,0.10147446024223276,0.6666666666666666,1.0,0.3333333333333333,0.15000000000000002]",0,1,0,0,0
"[0.6904761904761905,0.05771458662453923,0.6666666666666666,0.0,0.6666666666666666,0.05]",0,2,1,0,0
"[0.6666666666666666,0.3985781990521327,1.0,0.0,0.3333333333333333,0.225]",0,3,0,0,0
"[0.23809523809523808,0.089362822538178,1.0,0.0,0.6666666666666666,0.07500000000000001]",2,8,0,0,0
"[0.26190476190476186,0.2830437072143233,0.6666666666666666,0.0,0.6666666666666666,0.17500000000000002]",0,4,0,0,0
"[0.5714285714285714,0.15581885202738285,0.6666666666666666,0.0,0.6666666666666666,0.0]",0,2,0,0,0
"[0.3333333333333333,0.4685624012638231,0.3333333333333333,0.0,0.3333333333333333,0.05]",1,0,0,1,1
"[0.6666666666666666,0.6432859399684044,0.0,0.0,0.6666666666666666,0.47500000000000003]",1,0,1,0,0
"[0.21428571428571427,0.13328067403896787,0.6666666666666666,1.0,0.6666666666666666,0.225]",1,6,1,0,0
"[0.26190476190476186,0.09452343338599263,0.3333333333333333,0.0,0.6666666666666666,0.025]",2,8,0,0,0
"[0.5952380952380952,0.9680358083201686,0.6666666666666666,0.0,0.6666666666666666,0.4]",0,5,1,0,0
"[0.7142857142857142,0.9824117956819379,0.3333333333333333,0.0,0.6666666666666666,0.55]",0,7,0,0,0
"[0.26190476190476186,0.07530279094260137,1.0,1.0,0.3333333333333333,0.025]",0,1,0,1,1
"[0.6666666666666666,0.332016850974197,0.3333333333333333,1.0,0.6666666666666666,0.2]",1,0,1,0,1
"[0.21428571428571427,0.19826224328593997,0.0,0.0,0.3333333333333333,0.17500000000000002]",0,1,1,0,0
"[0.5,0.15234333859926277,1.0,0.0,0.6666666666666666,0.05]",0,1,0,0,0
"[0.8809523809523809,0.08704581358609795,1.0,1.0,1.0,0.125]",0,1,0,0,0
"[0.23809523809523808,0.09726171669299633,0.3333333333333333,0.0,0.6666666666666666,0.025]",1,6,1,0,0
"[0.2857142857142857,0.0037914691943127963,1.0,0.0,0.3333333333333333,0.025]",1,6,0,0,1
"[0.09523809523809523,0.0770405476566614,0.3333333333333333,1.0,0.6666666666666666,0.025]",0,1,0,1,1
"[0.42857142857142855,0.24560294892048448,0.6666666666666666,0.0,0.6666666666666666,0.25]",1,0,1,1,0
"[0.30952380952380953,0.16787783043707216,0.6666666666666666,0.0,0.6666666666666666,0.25]",0,2,0,0,0
"[0.38095238095238093,0.45834649815692474,1.0,0.0,0.6666666666666666,0.125]",1,0,0,1,0
"[0.26190476190476186,0.05545023696682465,0.0,0.0,0.6666666666666666,0.07500000000000001]",0,2,0,0,0
"[0.45238095238095233,0.17245918904686677,0.0,1.0,0.6666666666666666,0.125]",0,1,0,1,0
"[0.40476190476190477,0.19899947340705634,0.3333333333333333,0.0,0.6666666666666666,0.07500000000000001]",0,3,1,1,0
"[0.6428571428571428,0.2578725645076356,1.0,0.0,0.3333333333333333,0.225]",0,3,1,0,0
"[0.42857142857142855,0.15150078988941548,1.0,1.0,0.3333333333333333,0.25]",2,8,0,0,0
"[0.5238095238095237,0.8327540810953133,0.0,0.0,0.6666666666666666,0.47500000000000003]",0,5,0,0,0
"[0.19047619047619047,0.10131648235913639,0.6666666666666666,0.0,0.3333333333333333,0.025]",0,1,1,1,0
"[0.21428571428571427,0.2891521853607162,0.6666666666666666,0.0,0.3333333333333333,0.2]",1,0,1,0,0
"[0.7142857142857142,0.8512374934175883,1.0,0.0,0.6666666666666666,0.55]",0,5,1,0,0
"[0.6190476190476191,0.21190100052659294,0.0,0.0,0.6666666666666666,0.05]",0,4,0,0,0
"[0.38095238095238093,0.06835176408636125,0.0,1.0,0.6666666666666666,0.125]",0,1,0,1,1
"[0.9047619047619047,0.08309636650868879,1.0,0.0,0.6666666666666666,0.1]",0,2,0,0,1
"[0.42857142857142855,0.23686150605581885,0.3333333333333333,0.0,0.0,0.1]",1,0,0,0,0
"[0.5476190476190476,0.17819905213270143,0.3333333333333333,1.0,0.6666666666666666,0.125]",1,0,1,0,0
"[0.5714285714285714,0.6497630331753554,0.0,0.0,1.0,0.325]",0,7,0,0,0
"[0.30952380952380953,0.293522906793049,1.0,0.0,0.6666666666666666,0.125]",1,0,1,1,0
"[0.38095238095238093,0.37356503422854137,1.0,0.0,0.3333333333333333,0.1]",1,0,1,1,0
"[0.30952380952380953,0.1563454449710374,0.6666666666666666,0.0,0.3333333333333333,0.05]",0,2,1,0,0
"[0.19047619047619047,0.0808320168509742,1.0,0.0,0.6666666666666666,0.17500000000000002]",0,2,0,0,0
"[0.6428571428571428,0.23117430226434968,0.6666666666666666,0.0,0.6666666666666666,0.1]",0,4,0,0,0
"[0.3571428571428571,0.23580832016850975,0.6666666666666666,0.0,0.3333333333333333,0.25]",1,0,0,0,0
"[0.23809523809523808,0.3067403896787783,1.0,0.0,0.6666666666666666,0.17500000000000002]",1,0,0,1,0
"[0.26190476190476186,0.004318062137967351,0.0,0.0,0.6666666666666666,0.025]",1,6,0,0,1
"[0.5,0.24892048446550818,0.6666666666666666,0.0,0.6666666666666666,0.07500000000000001]",1,0,1,0,0
"[0.21428571428571427,0.06408636124275935,0.3333333333333333,0.0,0.3333333333333333,0.125]",0,1,0,0,0
"[0.38095238095238093,0.24949973670352818,1.0,0.0,0.6666666666666666,0.375]",0,1,0,1,0
"[0.23809523809523808,0.46577145866245395,0.6666666666666666,0.0,0.6666666666666666,0.05]",1,0,1,1,1
"[0.6904761904761905,0.23475513428120065,0.3333333333333333,0.0,1.0,0.2]",0,1,0,0,0
"[0.9047619047619047,0.230173775671406,0.0,0.0,0.6666666666666666,0.0]",1,0,1,0,0
"[0.5,0.2181147972617167,0.0,1.0,0.6666666666666666,0.25]",0,3,0,0,0
"[0.47619047619047616,0.05918904686677199,0.3333333333333333,0.0,0.6666666666666666,0.5]",0,1,1,1,0
"[0.9523809523809523,0.8881516587677726,1.0,0.0,0.3333333333333333,0.025]",1,5,1,1,0
"[0.3333333333333333,0.07493417588204318,0.6666666666666666,0.0,0.6666666666666666,0.1]",0,1,1,1,1
"[0.47619047619047616,0.19810426540284362,1.0,0.0,1.0,0.125]",0,1,0,0,0
"[0.738095238095238,0.9558715113217483,1.0,0.0,0.6666666666666666,0.125]",0,7,0,0,0
"[0.5714285714285714,0.21474460242232754,1.0,0.0,0.6666666666666666,0.0]",1,0,0,1,0
"[0.21428571428571427,0.09763033175355451,0.3333333333333333,0.0,0.6666666666666666,0.025]",2,8,1,0,1
"[0.40476190476190477,0.23970510795155345,0.0,0.0,0.0,0.125]",1,0,0,0,0
"[0.23809523809523808,0.059768299104792,0.6666666666666666,0.0,0.3333333333333333,0.125]",0,1,0,0,0
"[0.30952380952380953,0.10826750921537652,0.0,0.0,1.0,0.1]",0,1,0,1,0
"[0.42857142857142855,0.09483938915218537,0.3333333333333333,1.0,0.6666666666666666,0.125]",0,2,0,0,0
"[0.38095238095238093,0.46756187467087945,1.0,1.0,0.3333333333333333,0.35000000000000003]",1,0,0,0,0
"[0.38095238095238093,0.4012111637704055,0.6666666666666666,0.0,0.3333333333333333,0.2]",1,0,0,0,0
"[0.19047619047619047,0.09784096893101633,0.0,0.0,0.3333333333333333,0.17500000000000002]",0,2,0,0,0
"[0.26190476190476186,0.22980516061084783,0.0,0.0,0.3333333333333333,0.125]",0,4,0,0,0
"[0.3333333333333333,0.2979462875197472,1.0,0.0,0.6666666666666666,0.125]",0,4,1,0,0
"[0.30952380952380953,0.21032122169562928,0.0,1.0,0.6666666666666666,0.25]",0,1,0,0,0
"[0.23809523809523808,0.07151132174828857,1.0,0.0,0.3333333333333333,0.1]",0,2,0,0,1
"[0.47619047619047616,0.09736703528172723,0.0,0.0,0.3333333333333333,0.025]",1,6,0,0,0
"[0.40476190476190477,0.22090573986308584,1.0,0.0,0.6666666666666666,0.25]",1,0,1,1,0
"[0.21428571428571427,0.16303317535545025,1.0,0.0,0.6666666666666666,0.17500000000000002]",1,0,0,0,0
"[0.3333333333333333,0.45655608214849924,1.0,1.0,0.6666666666666666,0.025]",0,3,0,0,0
"[0.30952380952380953,0.24265402843601896,1.0,0.0,0.6666666666666666,0.25]",1,0,0,1,1
"[0.8333333333333333,0.4970510795155345,0.0,0.0,0.3333333333333333,0.05]",1,0,0,1,1
"[0.8571428571428571,0.09942074776198,0.6666666666666666,0.0,0.3333333333333333,0.1]",0,1,1,0,0
"[0.3571428571428571,0.26113744075829387,0.6666666666666666,1.0,0.6666666666666666,0.225]",0,4,0,0,0
"[0.5952380952380952,0.34233807266982624,0.6666666666666666,0.0,0.6666666666666666,0.25]",0,4,0,0,0
"[0.47619047619047616,0.10437072143233281,0.3333333333333333,0.0,0.6666666666666666,0.15000000000000002]",2,8,0,1,0
"[0.8809523809523809,0.9808846761453397,0.3333333333333333,0.0,0.6666666666666666,0.25]",2,5,0,1,0
"[0.30952380952380953,0.00631911532385466,1.0,0.0,0.6666666666666666,0.025]",0,2,1,1,0
"[0.5,0.6493944181147973,0.0,0.0,0.6666666666666666,0.5]",1,0,0,0,0
"[0.5714285714285714,0.17498683517640864,0.6666666666666666,0.0,0.6666666666666666,0.5]",0,1,0,0,0
"[0.30952380952380953,0.527751448130595,0.6666666666666666,1.0,1.0,0.275]",0,7,1,0,0
"[0.8571428571428571,0.18067403896787784,0.0,0.0,0.6666666666666666,0.125]",0,3,1,1,0
"[0.14285714285714285,0.18999473407056347,0.6666666666666666,0.0,0.3333333333333333,0.1]",0,4,0,0,0
"[0.11904761904761904,0.08625592417061612,1.0,0.0,1.0,0.125]",0,2,0,0,0
"[0.5238095238095237,0.27983149025803056,0.6666666666666666,0.0,1.0,0.25]",0,2,1,0,0
"[0.5238095238095237,0.2458135860979463,0.3333333333333333,0.0,0.6666666666666666,0.275]",1,0,1,0,0
"[0.16666666666666666,0.06203264876250659,0.3333333333333333,0.0,0.6666666666666666,0.05]",2,8,1,0,0
"[0.2857142857142857,0.14423380726698262,0.3333333333333333,0.0,0.3333333333333333,0.30000000000000004]",0,2,0,0,0
"[0.16666666666666666,0.15629278567667193,0.6666666666666666,0.0,0.3333333333333333,0.05]",0,2,0,1,0
"[0.6904761904761905,0.40147446024223277,0.6666666666666666,1.0,0.6666666666666666,0.42500000000000004]",0,4,0,0,0
"[0.3571428571428571,0.05260663507109005,0.6666666666666666,0.0,0.3333333333333333,0.025]",0,2,0,0,0
"[0.47619047619047616,0.18067403896787784,0.3333333333333333,0.0,0.6666666666666666,0.375]",1,0,0,0,0
"[0.30952380952380953,0.10837282780410742,0.6666666666666666,0.0,0.6666666666666666,0.05]",1,6,0,0,0
"[0.47619047619047616,0.22706687730384414,0.6666666666666666,0.0,0.6666666666666666,0.2]",0,3,0,0,0
"[0.5714285714285714,0.23175355450236967,0.0,0.0,0.3333333333333333,0.1]",0,1,0,1,0
"[0.5476190476190476,0.09336492890995261,1.0,1.0,0.6666666666666666,0.125]",0,1,0,0,0
"[0.6904761904761905,0.5765139547130069,0.3333333333333333,0.0,0.0,0.325]",0,7,1,0,0
"[0.40476190476190477,0.08694049499736704,0.6666666666666666,0.0,0.6666666666666666,0.05]",0,2,0,1,0
"[0.09523809523809523,0.12459189046866773,0.6666666666666666,0.0,1.0,0.07500000000000001]",0,1,0,0,0
"[0.40476190476190477,0.21532385466034756,0.6666666666666666,0.0,0.6666666666666666,0.25]",0,1,0,0,0
"[0.3571428571428571,0.20373880989994736,1.0,0.0,0.6666666666666666,0.225]",0,4,1,1,0
"[0.3333333333333333,0.09626119010005266,0.3333333333333333,0.0,0.6666666666666666,0.15000000000000002]",0,2,1,0,0
"[0.5238095238095237,0.07356503422854134,1.0,0.0,0.3333333333333333,0.025]",0,2,0,0,0
"[0.3333333333333333,0.06635071090047394,0.3333333333333333,0.0,0.6666666666666666,0.05]",1,6,0,0,0
"[0.5,0.1631911532385466,1.0,0.0,0.6666666666666666,0.17500000000000002]",0,1,0,0,0
"[0.47619047619047616,0.6422854133754607,0.6666666666666666,0.0,0.6666666666666666,0.45]",0,7,1,0,0
"[0.3333333333333333,0.4956819378620327,1.0,0.0,0.6666666666666666,0.35000000000000003]",1,0,1,0,0
"[0.45238095238095233,0.6706161137440758,1.0,1.0,0.6666666666666666,0.4]",0,7,1,1,0
"[0.16666666666666666,0.20526592943654556,0.6666666666666666,1.0,0.3333333333333333,0.125]",1,0,1,1,0
"[0.8095238095238095,0.13022643496577146,1.0,0.0,0.3333333333333333,0.225]",1,6,0,0,0
"[0.6190476190476191,0.075144813059505,1.0,0.0,0.6666666666666666,0.1]",0,1,0,1,0
"[0.07142857142857142,0.0721958925750395,0.0,0.0,0.6666666666666666,0.05]",1,6,0,1,0
"[0.5,0.9700895208004213,1.0,0.0,0.3333333333333333,0.15000000000000002]",0,5,0,0,0
"[0.11904761904761904,0.04112690889942075,0.0,0.0,0.3333333333333333,0.025]",1,6,0,0,1
"[0.42857142857142855,0.34939441811479727,1.0,0.0,0.6666666666666666,0.225]",1,0,1,0,0
"[0.42857142857142855,0.2170616113744076,0.3333333333333333,0.0,0.6666666666666666,0.1]",0,3,1,0,0
"[0.9047619047619047,0.27893628225381784,0.6666666666666666,1.0,0.3333333333333333,0.325]",0,4,0,0,0
"[0.26190476190476186,0.1989468141126909,1.0,0.0,1.0,0.05]",0,1,0,1,1
"[0.5714285714285714,0.9410742496050554,0.6666666666666666,0.0,0.3333333333333333,0.55]",0,5,0,0,0
"[0.9047619047619047,0.07003686150605583,0.6666666666666666,0.0,0.0,0.25]",0,2,0,0,1
"[0.5476190476190476,0.6614533965244866,0.3333333333333333,1.0,0.6666666666666666,0.5]",0,3,1,0,0
"[0.38095238095238093,0.30031595576619274,0.6666666666666666,1.0,0.6666666666666666,0.2]",1,0,1,0,0
"[0.42857142857142855,0.23154291732490787,1.0,1.0,0.3333333333333333,0.375]",1,0,0,0,0
"[0.5476190476190476,0.4175355450236967,0.3333333333333333,0.0,0.6666666666666666,0.125]",1,0,0,0,0
"[0.3333333333333333,0.07530279094260137,0.0,0.0,0.6666666666666666,0.1]",0,1,0,0,0
"[0.40476190476190477,0.4122169562927857,1.0,0.0,0.6666666666666666,0.225]",2,8,1,1,0
"[0.47619047619047616,0.22822538177988416,1.0,0.0,0.6666666666666666,0.25]",1,0,1,0,0
"[0.7619047619047619,0.30115850447604003,0.6666666666666666,0.0,0.6666666666666666,0.15000000000000002]",1,0,0,0,1
"[0.42857142857142855,0.2971563981042654,1.0,0.0,0.3333333333333333,0.15000000000000002]",1,0,1,0,0
"[0.6428571428571428,0.2022643496577146,0.6666666666666666,0.0,0.6666666666666666,0.125]",1,0,1,0,0
"[0.5238095238095237,0.09478672985781991,0.6666666666666666,0.0,0.6666666666666666,0.05]",0,1,0,0,0
"[0.40476190476190477,0.24644549763033177,0.6666666666666666,0.0,1.0,0.25]",0,4,0,1,0
"[0.5238095238095237,0.05223802001053186,0.6666666666666666,0.0,0.6666666666666666,0.125]",0,1,1,0,0
"[0.40476190476190477,0.10363349131121644,1.0,0.0,0.6666666666666666,0.1]",0,1,1,0,0
"[0.26190476190476186,0.1588204318062138,0.3333333333333333,0.0,0.6666666666666666,0.1]",0,2,0,1,0
"[0.26190476190476186,0.14618220115850447,0.0,0.0,0.0,0.125]",0,1,1,0,0
"[0.7619047619047619,0.5184307530279094,0.0,0.0,0.6666666666666666,0.07500000000000001]",1,0,0,1,1
"[0.5,0.5804107424960506,1.0,0.0,0.3333333333333333,0.5]",1,0,1,0,0
"[0.30952380952380953,0.47008952080042127,0.0,0.0,0.6666666666666666,0.225]",0,3,0,0,0
"[0.19047619047619047,0.10305423907319643,0.6666666666666666,0.0,0.6666666666666666,0.1]",1,6,1,0,0
"[0.42857142857142855,0.0822538177988415,1.0,0.0,0.6666666666666666,0.125]",0,2,0,0,0
"[0.5,0.4729857819905213,0.0,0.0,0.6666666666666666,0.17500000000000002]",0,4,0,0,0
"[0.21428571428571427,0.2703001579778831,0.3333333333333333,1.0,0.6666666666666666,0.15000000000000002]",0,3,0,1,0
"[0.738095238095238,0.23070036861506057,0.3333333333333333,0.0,0.3333333333333333,0.225]",1,0,0,0,0
"[0.38095238095238093,0.17877830437072145,0.6666666666666666,0.0,1.0,0.1]",0,2,0,0,0
